author,author_followers,author_likes,author_videos,body,tiktok_url,likes,comments,shares,plays,hashtags,challenges,nicho
templariossa,1300000,1448,169,Salmo 23. #salmos #salmos23 #oracao ,https://www.tiktok.com/@templariossa/video/7268125292160453894,1600000,36800,517500,20800000,"salmos,salmos23,oracao","salmos,salmos23,oracao",Religi√£o
edicaongt,752300,415,1224,testemunho do pastor que foi rejeitado pelo pai  #palavraforte #pregacaoforte #edicaongt #ipda ,https://www.tiktok.com/@edicaongt/video/7279120974983744773,113600,1429,13600,1900000,"palavraforte,pregacaoforte,edicaongt,ipda","palavraforte,pregacaoforte,edicaongt,ipda",Religi√£o
liviavolpini6,35600,28200,28,volta olescüò≠ #volleyball #jogadorasdev√¥lei #fyp„Ç∑ #best ,https://www.tiktok.com/@liviavolpini6/video/7286861016087121158,14100,1,86,342500,"volleyball,jogadorasdev√¥lei,fyp„Ç∑,best","volleyball,jogadorasdev√¥lei,fyp„Ç∑,best",Religi√£o
alysson_tv_,35000,4938,109,#tutorial #iphone #bateriadeiphone #fyp #foryou #apple #iphone8plus ,https://www.tiktok.com/@alysson_tv_/video/7270549444066561285,49900,564,1137,1400000,"tutorial,iphone,bateriadeiphone,fyp,foryou,apple,iphone8plus","tutorial,iphone,bateriadeiphone,fyp,foryou,apple,iphone8plus",Outro
casamentoajudando,1000000,3,135,Milion√°rio d√° bolo de dinheiro a uma incr√≠vel senhora de rua üò≠ a rea√ß√£o dela nos fez chorar! PARTE 1 #milionario #experimentosocial #amoraoproximo #viral #ajudar ,https://www.tiktok.com/@casamentoajudando/video/7285136742141660422,333800,3458,14100,15100000,"milionario,experimentosocial,amoraoproximo,viral,ajudar","milionario,experimentosocial,amoraoproximo,viral,ajudar",Religi√£o
wendellkeys_,26700,12600,155,Respondendo a @b.anne marcha nupcial com essa m√∫sica linda ü•≤ #marchanupcial #fy #fyp #colossensesesuaslinhasdeamor #fhopmusic #cristaosnotiktok #jovenscristaos #worship #jovensadoradores #casalcristao #casamento #piano ,https://www.tiktok.com/@wendellkeys_/video/7267718117021715717,191000,3489,8914,1100000,"marchanupcial,fy,fyp,colossensesesuaslinhasdeamor,fhopmusic,cristaosnotiktok,jovenscristaos,worship,jovensadoradores,casalcristao,casamento,piano","marchanupcial,fy,fyp,colossensesesuaslinhasdeamor,fhopmusic,cristaosnotiktok,jovenscristaos,worship,jovensadoradores,casalcristao,casamento,piano",Religi√£o
jeisiel_legends,1000000,12700,872,N√ÉO TOCA EM QUEM DEUS QUER GUARDAR - PREGA√á√ÉO PODEROSA ‚ö°üôåüèæ #pastorjuniotrovaooficial #pastorjuniortrovao #prjuniortrov√£o #juniortrovao #jeisiels #jeisiellegends #DEUS #jesus #crentenotiktok ,https://www.tiktok.com/@jeisiel_legends/video/7273247205702651141,166600,1857,20500,1100000,"pastorjuniotrovaooficial,pastorjuniortrovao,prjuniortrov√£o,juniortrovao,jeisiels,jeisiellegends,deus,jesus,crentenotiktok","pastorjuniotrovaooficial,pastorjuniortrovao,prjuniortrov√£o,juniortrovao,jeisiels,jeisiellegends,deus,jesus,crentenotiktok",Religi√£o
brunalohaiine,3900000,37900,426,#morandosozinha #asmrvideo #asmrsounds #asmrtiktok ,https://www.tiktok.com/@brunalohaiine/video/7286623711564664070,802900,2970,1594,8500000,"morandosozinha,asmrvideo,asmrsounds,asmrtiktok","morandosozinha,asmrvideo,asmrsounds,asmrtiktok",Religi√£o
cheiodesaborr,618900,65,118,Pav√™ de maracuj√° super cremoso e n√£o precisa de gelatina! #receitas #receita #receitafacil #pave #cheiodesabor,https://www.tiktok.com/@cheiodesaborr/video/7273262101550861574,273600,2740,87300,10000000,"receitas,receita,receitafacil,pave,cheiodesabor","receitas,receita,receitafacil,pave,cheiodesabor",Outro
calendario.da.solidao,35300,95500,66,13...üòÆ‚Äçüí®üç∫ #segundou #segundafeira #fy  #TokDoEnem #13denoviembre #fyp„Ç∑  #vem2024 #boratrabalhar #bomdia #13  #novembroazul #finaldeano #flamengo  #chaves #baroesdapisadnha #vaiprofy  #gatostiktok #semele #semela #musica  #calendario #da #solidao #borabeber  #comecodasemana #pregui√ßa #trend  #viralvideo #vaiprofycaramba #2023  #findemes #brasileirao2023 #cristianojr  #cristiano ronaldo #messi #botafogo  #seumadruga #seumadrugaechaves  #viraltiktok #fouyou #jaqueme #memes  #jaquemeensinouabeber #gatinhos #vy ,https://www.tiktok.com/@calendario.da.solidao/video/7300776355237547269,125700,7036,6563,636500,"segundou,segundafeira,fy,tokdoenem,13denoviembre,fyp„Ç∑,vem2024,boratrabalhar,bomdia,13,novembroazul,finaldeano,flamengo,chaves,baroesdapisadnha,vaiprofy,gatostiktok,semele,semela,musica,calendario,da,solidao,borabeber,comecodasemana,pregui√ßa,trend,viralvideo,vaiprofycaramba,2023,findemes,brasileirao2023,cristianojr,cristiano ronaldo,messi,botafogo,seumadruga,seumadrugaechaves,viraltiktok,fouyou,jaqueme,memes,jaquemeensinouabeber,gatinhos,vy","segundou,segundafeira,fy,tokdoenem,13denoviembre,fyp„Ç∑,vem2024,boratrabalhar,bomdia,13,novembroazul,finaldeano,flamengo,chaves,baroesdapisadnha,vaiprofy,gatostiktok,semele,semela,musica,calendario,da,solidao,borabeber,comecodasemana,pregui√ßa,trend,viralvideo,vaiprofycaramba,2023,findemes,brasileirao2023,cristianojr,cristianoronaldo,messi,botafogo,seumadruga,seumadrugaechaves,viraltiktok,fouyou,jaqueme,memes,jaquemeensinouabeber,gatinhos,vy",Arte
bycortesinspiradores,56600,472,25,Ela foi sequestr@da e conseguiu fugirüò®   #therookie #series #policia ,https://www.tiktok.com/@bycortesinspiradores/video/7295024657286106374,324300,938,1176,4000000,"therookie,series,policia","therookie,series,policia",Outro
jonnpj,147100,148,49,Neymar Jr ‚Ä¢ Pode se Soltar | #neymar #neymarjr #neymarjr10 #ney #fy #music #funk ,https://www.tiktok.com/@jonnpj/video/7289437583606549766,109100,180,2178,630600,"neymar,neymarjr,neymarjr10,ney,fy,music,funk","neymar,neymarjr,neymarjr10,ney,fy,music,funk",Viagem
meninocriaofc,106700,4025,123,Respondendo a @üê•Mariüê•  . . . . #foryou #tiktokreceita #tiktokviagem #viralizar #asmelhores #booktokbrasil ,https://www.tiktok.com/@meninocriaofc/video/7289056600101276934,175500,3132,946,9100000,"foryou,tiktokreceita,tiktokviagem,viralizar,asmelhores,booktokbrasil","foryou,TikTokReceita,tiktokviagem,viralizar,asmelhores,booktokbrasil",Moda
natycarvalho688,1600000,6530,885,#podologanatyscarvalho #foyupage #foryou #fyp„Ç∑„Çöviral #fyp #satisfying #satisfyingvideo #ingrowntoenail #videossatisfat√≥rios #ingrownhairremoval #nails #videossatisfat√≥rioscomhistorias #unhasencravadas #espiculaectomia #podologa #podologia #onicomicoses #onicofose #peeling #cortedaunha ,https://www.tiktok.com/@natycarvalho688/video/7272112936372423942,747900,7211,26200,37800000,"podologanatyscarvalho,foyupage,foryou,fyp„Ç∑„Çöviral,fyp,satisfying,satisfyingvideo,ingrowntoenail,videossatisfat√≥rios,ingrownhairremoval,nails,videossatisfat√≥rioscomhistorias,unhasencravadas,espiculaectomia,podologa,podologia,onicomicoses,onicofose,peeling,cortedaunha","podologanatyscarvalho,foyupage,foryou,fyp„Ç∑„Çöviral,fyp,satisfying,satisfyingvideo,ingrowntoenail,videossatisfat√≥rios,ingrownhairremoval,nails,videossatisfat√≥rioscomhistorias,unhasencravadas,espiculaectomia,podologa,podologia,onicomicoses,onicofose,peeling,cortedaunha",Religi√£o
invict0_,142800,60,213,O significado do salmo 91 #rodrigosilva #rodrigosilvaarqueologia #rodrigosilvapodcast #salmo91 #reflex√£o #jesus #deus #biblia ,https://www.tiktok.com/@invict0_/video/7282505111157378310,224700,1619,5760,2700000,"rodrigosilva,rodrigosilvaarqueologia,rodrigosilvapodcast,salmo91,reflex√£o,jesus,deus,biblia","rodrigosilva,rodrigosilvaarqueologia,rodrigosilvapodcast,salmo91,reflex√£o,jesus,deus,biblia",Religi√£o
marianabatistax,133800,6067,53,"QUE CALOR, QUE CALOR!!!! ",https://www.tiktok.com/@marianabatistax/video/7283262680968809733,975600,10900,97400,7400000,,"frozencalor,frozen,calor,editelsafrozen,elsa,frozen2cosplay,quente,fyy,foryou",Outro
lyricristo2,482700,3569,383,#gospelmusic #cristaosnotiktok #harpacrista #louvor #statusgospel ,https://www.tiktok.com/@lyricristo2/video/7292196691137056006,142300,1188,15700,1100000,"gospelmusic,cristaosnotiktok,harpacrista,louvor,statusgospel","gospelmusic,cristaosnotiktok,harpacrista,louvor,statusgospel",M√∫sica
mindadvanced,257000,38,125,Vai passar‚Ä¶ #gabiprado #motivac√£o #conselho #inspirac√£o #desenvolvimentopessoal ,https://www.tiktok.com/@mindadvanced/video/7273854056064355589,968300,4710,110000,15500000,"gabiprado,motivac√£o,conselho,inspirac√£o,desenvolvimentopessoal","gabiprado,motivac√£o,conselho,inspirac√£o,desenvolvimentopessoal",Moda
_juliocristino,39300,1593,25,#cachorrosdotiktok #cachorrosengra√ßados #doguinhosdotiktok #foryou ,https://www.tiktok.com/@_juliocristino/video/7282516176280751365,105400,1523,24400,4900000,"cachorrosdotiktok,cachorrosengra√ßados,doguinhosdotiktok,foryou","cachorrosdotiktok,cachorrosengra√ßados,doguinhosdotiktok,foryou",Com√©dia
metropolesoficial,4500000,118,4430,"Um v√≠deo que est√° circulando na internet mostra o marido de Ana Hickmann brigando com ela na frente dos funcion√°rios. As imagens ressurgiram ap√≥s a acusa√ß√£o de que ele teria agr3dido a esposa. ""A √∫ltima vez que vou falar pra voc√™. Nunca mais..."", disse Alexandre Correa apontando o dedo para a esposa. Quando ele √© interrompido por ela. ""Deixa eu te falar s√≥ uma coisa. Voc√™ n√£o vai brigar comigo aqui"", disse ela. No v√≠deo, eles discutem sobre uma reforma no jardim.  Alexandre Correa foi acusado de agredir Ana Hickmann no s√°bado (11/11) na casa do casal, em Itu (SP). Segundo informa√ß√µes do jornalista Leo Dias, a apresentadora teria, inclusive, acionado a pol√≠cia. O empres√°rio negou as acusa√ß√µes e disse que n√£o estava na cidade. #Entret√™News",https://www.tiktok.com/@metropolesoficial/video/7300566665291681030,58800,2552,1634,1800000,entret√™news,entret√™news,Outro
soaresxjl_modelos,386600,8101,993,liberando modelos do CapCut #CapCut #soaresmodelos ,https://www.tiktok.com/@soaresxjl_modelos/video/7294001056852364549,70900,126,280,1200000,"capcut,soaresmodelos","CapCut,soaresmodelos",Fitness
morebible,1300000,556,815,üö®UM DOS TESTEMUNHOS MAIS FORTES QUE J√Å ME MARCARAM!üò± #testemunho #igreja #milagre #crentenotiktok #videoviral ,https://www.tiktok.com/@morebible/video/7278311682428947717,297200,7809,50300,3000000,"testemunho,igreja,milagre,crentenotiktok,videoviral","testemunho,igreja,milagre,crentenotiktok,videoviral",Religi√£o
mentes_brilhantes2,1800000,2957,451,Cinco coisas que voc√™ n√£o deve contar para ningu√©m! #fyp #motivacional #motivacao #relacionamento #psicologia #amor #reflex√£o ,https://www.tiktok.com/@mentes_brilhantes2/video/7280679111092112646,643300,5577,158900,16700000,"fyp,motivacional,motivacao,relacionamento,psicologia,amor,reflex√£o","fyp,motivacional,motivacao,relacionamento,psicologia,amor,reflex√£o",Outro
silvio.matos_,132200,32,39,#silviomatos #reflexao #conselho #foryoupage #BFDS #motiva√ß√£o ,https://www.tiktok.com/@silvio.matos_/video/7287216791795797254,394900,2831,105600,6500000,"silviomatos,reflexao,conselho,foryoupage,bfds,motiva√ß√£o","silviomatos,reflexao,conselho,foryoupage,bfds,motiva√ß√£o",Outro
ketlinrodriguesss,52300,3027,175,#academia ,https://www.tiktok.com/@ketlinrodriguesss/video/7292902904678173957,35300,73,190,871700,academia,academia,Fitness
geovanaajala,368100,43400,340,#parkdedivers√£o #atendimentoaopublico #atendimentoaocliente #cliente #bilheteria #meninadoapark #atendimento #descontinho ,https://www.tiktok.com/@geovanaajala/video/7299587108400909574,34700,137,22,553400,"parkdedivers√£o,atendimentoaopublico,atendimentoaocliente,cliente,bilheteria,meninadoapark,atendimento,descontinho","parkdedivers√£o,atendimentoaopublico,atendimentoaocliente,cliente,bilheteria,meninadoapark,atendimento,descontinho",Religi√£o
alexeli87,1700000,10100,5355,#alexeli87 #nunes291 #casalcom√©dia #live #cocacola ,https://www.tiktok.com/@alexeli87/video/7288698046236478725,15000,562,73,1200000,"alexeli87,nunes291,casalcom√©dia,live,cocacola","alexeli87,nunes291,casalcom√©dia,live,cocacola",M√∫sica
jotinhatpc,158500,53500,136,ü´† || #musicaparastatus #fy #viral #lycris #menosemais #jotinhatpc ,https://www.tiktok.com/@jotinhatpc/video/7280585132686331142,1800000,3864,54200,12900000,"musicaparastatus,fy,viral,lycris,menosemais,jotinhatpc","musicaparastatus,fy,viral,lycris,menosemais,jotinhatpc",Arte
euph91,332600,626,1029,#expaidesanto #exbruxo #exbruxotiochico #ipdaagusnurpatria #testemunhofortetiktok #testemunhoforte #palavraforte ,https://www.tiktok.com/@euph91/video/7271294962808016134,20700,669,2537,423500,"expaidesanto,exbruxo,exbruxotiochico,ipdaagusnurpatria,testemunhofortetiktok,testemunhoforte,palavraforte","expaidesanto,exbruxo,exbruxotiochico,ipdaagusnurpatria,testemunhofortetiktok,testemunhoforte,palavraforte",Religi√£o
cortess_milionariosss_,11300,181,201,13 anos e j√° √© milion√°rio #milionario #empreendedorismo #felipemolero #dinheiro ,https://www.tiktok.com/@cortess_milionariosss_/video/7283541085182315782,607400,3480,5209,6400000,"milionario,empreendedorismo,felipemolero,dinheiro","milionario,empreendedorismo,felipemolero,dinheiro",Religi√£o
videoaqui.tk,69200,493,325,Estados Unidos √© Um dos pa√≠ses mais perigosos? #podcast #cortesdepodcast #historiasbizarras #casoscriminais #estadosunidos ,https://www.tiktok.com/@videoaqui.tk/video/7279741941053508869,294300,2055,1069,5800000,"podcast,cortesdepodcast,historiasbizarras,casoscriminais,estadosunidos","podcast,cortesdepodcast,historiasbizarras,casoscriminais,estadosunidos",Viagem
mathcolodedeus,219900,1692,567,A PERGUNTA QUE N√ÉO QUER CALAR: CAT√ìLICOS ADORAM IMAGENS? #catolico #jmj #portugal #igrejacatolica #nossasenhora #papafrancisco #igreja #biblia #eucaristia #virgemmaria #totustuus #biblia,https://www.tiktok.com/@mathcolodedeus/video/7275726861085281542,66800,2281,3717,852500,"catolico,jmj,portugal,igrejacatolica,nossasenhora,papafrancisco,igreja,biblia,eucaristia,virgemmaria,totustuus,biblia","catolico,jmj,portugal,igrejacatolica,nossasenhora,papafrancisco,igreja,biblia,eucaristia,virgemmaria,totustuus",Religi√£o
motivacao.reflexa0,84500,177,262,#prega√ß√£o #motiva√ß√£o #motiva√ß√£odi√°ria #deus #tenhaf√© #foryou #fyp„Ç∑ ,https://www.tiktok.com/@motivacao.reflexa0/video/7297313580389616902,50400,1571,18200,642300,"prega√ß√£o,motiva√ß√£o,motiva√ß√£odi√°ria,deus,tenhaf√©,foryou,fyp„Ç∑","prega√ß√£o,motiva√ß√£o,motiva√ß√£odi√°ria,deus,tenhaf√©,foryou,fyp„Ç∑",Religi√£o
umadose_motivacional,105300,622,89,Bianca Lauri- Qual √© a coisa mais importante que um homem tem que fazer num relacionamento?  #motivacional #motivacao #motivacao24h #motivacaodiaria #reflexaododia #refelxao ,https://www.tiktok.com/@umadose_motivacional/video/7285855695881243909,53300,197,7163,2100000,"motivacional,motivacao,motivacao24h,motivacaodiaria,reflexaododia,refelxao","motivacional,motivacao,motivacao24h,motivacaodiaria,reflexaododia,refelxao",Religi√£o
dicasdeiphoness,308700,82,78,Segredo da edi√ß√£o que os famosos utilizam !üò±ü§≥üèª #dicas #iphones #ios #dicasdeiphone #fotos ,https://www.tiktok.com/@dicasdeiphoness/video/7278085910460239110,202700,3232,21700,3900000,"dicas,iphones,ios,dicasdeiphone,fotos","dicas,iphones,ios,dicasdeiphone,fotos",Viagem
tamarakastroo,713100,249,2497,Meu marido aprontou comigo e eu aprontei com ele! Parte 1 #tiktok #tamara #tamarakastro #viral #novelas ,https://www.tiktok.com/@tamarakastroo/video/7300560310732082437,47600,238,222,972200,"tiktok,tamara,tamarakastro,viral,novelas","tiktok,tamara,tamarakastro,viral,Novelas",Viagem
brunalohaiine,3900000,37900,426,ARRUME-SE COMIGO - ASMRüöøüßºü´ß. #asmr #asmrmakeup #grwm #asmrgrwm #getreadywithme #asmrgetreadywithme #makeuproutine #arrumesecomigo #arrumesecmg #hair #hairroutine ,https://www.tiktok.com/@brunalohaiine/video/7299474932579224837,312800,1360,397,3300000,"asmr,asmrmakeup,grwm,asmrgrwm,getreadywithme,asmrgetreadywithme,makeuproutine,arrumesecomigo,arrumesecmg,hair,hairroutine","asmr,asmrmakeup,grwm,asmrgrwm,getreadywithme,asmrgetreadywithme,makeuproutine,arrumesecomigo,arrumesecmg,hair,hairroutine",Outro
prjuniortrovao,714800,0,404,A responder a @rafaelsan7iago PR JUNIOR TROV√ÉO FALA SOBRE O JOGO FREE FIRE | #jesus #biblia #prjuniortrov√£o #freefire ,https://www.tiktok.com/@prjuniortrovao/video/7291714075254377734,89600,1553,4902,1300000,"jesus,biblia,prjuniortrov√£o,freefire","jesus,biblia,prjuniortrov√£o,freefire",Religi√£o
yag0stoso,1900000,509,724,Esse video √© uma piada e nao tem o objetivo de ofender ninguem #humor #ironia ,https://www.tiktok.com/@yag0stoso/video/7299587343722351877,146000,1527,1953,661200,"humor,ironia","humor,ironia",Com√©dia
lizx.macedo,1700000,57600,749,grwmm pra festa se 15! @IN.CLOSET 21ü§ç #grwm #arrumesecomigo #autocuidado #fy #viral ,https://www.tiktok.com/@lizx.macedo/video/7289964587477159173,787200,2819,948,4700000,"grwm,arrumesecomigo,autocuidado,fy,viral",,Outro
cortesdapalavra2,134700,739,213,A trombeta üé∫ vai soar!üî•üôèüèº#pastorjuniotrovaooficial #pastorjuniortrovao #prjuniortrov√£o #juniortrovao #jeisiels #jeisiellegends #crentenotiktok #DEUS #jesus ,https://www.tiktok.com/@cortesdapalavra2/video/7290861029821533445,235400,1207,4132,1600000,"pastorjuniotrovaooficial,pastorjuniortrovao,prjuniortrov√£o,juniortrovao,jeisiels,jeisiellegends,crentenotiktok,deus,jesus","pastorjuniotrovaooficial,pastorjuniortrovao,prjuniortrov√£o,juniortrovao,jeisiels,jeisiellegends,crentenotiktok,deus,jesus",Religi√£o
sheeps87,191000,420,50,"Est√°tua de Sal üßÇ  üìú ‚ÄúAo raiar do dia, os anjos insistiam com L√≥, dizendo: ‚ÄúDepressa! Leve daqui sua mulher e suas duas filhas, ou voc√™s tamb√©m ser√£o mortos quando a cidade for castigada‚Äù. Tendo ele hesitado, os homens o agarraram pela m√£o, como tamb√©m a mulher e as duas filhas, e os tiraram dali √† for√ßa e os deixaram fora da cidade, porque o Senhor teve miseric√≥rdia deles. Assim que os tiraram da cidade, um deles disse a L√≥: ‚ÄúFuja por amor √† vida! N√£o olhe para tr√°s e n√£o pare em lugar nenhum da plan√≠cie! Fuja para as montanhas, ou voc√™ ser√° morto!‚Äù‚Äù ‚Ä≠‚Ä≠G√™nesis‚Ä¨ ‚Ä≠19‚Ä¨:‚Ä≠15‚Ä¨-‚Ä≠17‚Ä¨  üìú ‚ÄúMas a mulher de L√≥ olhou para tr√°s e se transformou numa coluna de sal.‚Äù ‚Ä≠‚Ä≠G√™nesis‚Ä¨ ‚Ä≠19‚Ä¨:‚Ä≠26‚Ä¨  üìú ‚ÄúNaquele dia, quem estiver no telhado de sua casa, n√£o deve descer para apanhar os seus bens dentro de casa. Semelhantemente, quem estiver no campo, n√£o deve voltar atr√°s por coisa alguma. Lembrem-se da mulher de L√≥! Quem tentar conservar a sua vida a perder√°, e quem perder a sua vida a preservar√°.‚Äù ‚Ä≠‚Ä≠Lucas‚Ä¨ ‚Ä≠17‚Ä¨:‚Ä≠31‚Ä¨-‚Ä≠33‚Ä¨ ‚Ä≠ #biblia #curiosidadesdabiblia #sodoma #gomorra #juizo",https://www.tiktok.com/@sheeps87/video/7276098728220495109,101500,830,10700,2500000,"biblia,curiosidadesdabiblia,sodoma,gomorra,juizo","biblia,curiosidadesdabiblia,sodoma,gomorra,juizo",Religi√£o
universeexplorer_,96100,228,101,#aquecimentoglobal #catastofres #terra #vida #news #humanidade #fy #fyp„Ç∑ ,https://www.tiktok.com/@universeexplorer_/video/7288812493290376453,33900,1015,10300,1200000,"aquecimentoglobal,catastofres,terra,vida,news,humanidade,fy,fyp„Ç∑","aquecimentoglobal,catastofres,terra,vida,news,humanidade,fy,fyp„Ç∑",Outro
saude.da.mentee,2600000,19200,202,Viviane Rolemberg - Reciprocidade! #saudemental #reflex√£o #saudedamente ,https://www.tiktok.com/@saude.da.mentee/video/7296979027800198406,554300,5955,45800,5700000,"saudemental,reflex√£o,saudedamente","saudemental,reflex√£o,saudedamente",Fitness
spn_fear,1400000,2226,586,esse caso... #supernatural #deanwinchester #samwinchester #casos ,https://www.tiktok.com/@spn_fear/video/7269540001224871173,1800000,6317,11700,13600000,"supernatural,deanwinchester,samwinchester,casos","supernatural,deanwinchester,samwinchester,casos",Outro
joaorodriguexx_,18800,2042,7,#cerveja #iludido #moments #foryou #viral #fy ,https://www.tiktok.com/@joaorodriguexx_/video/7286975086576323845,486400,1553,22000,6400000,"cerveja,iludido,moments,foryou,viral,fy","cerveja,iludido,moments,foryou,viral,fy",Outro
casamentoajudando,1000000,3,135,Milion√°rio d√° Jeep ‚Äã‚Äãpara lavador de carro que sua esposa o deixou por dinheiro üò≠ Isso nos fez chorar. PARTE 1 #milionario #experimentosocial #amoraoproximo #viral #ajudar ,https://www.tiktok.com/@casamentoajudando/video/7276472572525546757,501700,4150,5921,20300000,"milionario,experimentosocial,amoraoproximo,viral,ajudar","milionario,experimentosocial,amoraoproximo,viral,ajudar",Religi√£o
leonardobeckeryt,148300,77,22,Como ganhar dinheiro com TikTok usando uma inteligencia artificial melhor que o chat gpt em 2023  #marketingdigital #monetizar #tiktokdicas #inteligenciaartificial #monetiza√ß√£o ,https://www.tiktok.com/@leonardobeckeryt/video/7275872654966443269,136800,998,8928,2100000,"marketingdigital,monetizar,tiktokdicas,inteligenciaartificial,monetiza√ß√£o","marketingdigital,monetizar,tiktokdicas,inteligenciaartificial,monetiza√ß√£o",Arte
speedgospell_,141800,104,138,Ningu√©m explica Deus ü§ç #gospel #louvor #music #lyrics #foryou ,https://www.tiktok.com/@speedgospell_/video/7273296684468145414,415900,2383,26200,2800000,"gospel,louvor,music,lyrics,foryou","gospel,louvor,music,lyrics,foryou",M√∫sica
mentes_brilhantes2,1800000,2957,451,O amor acaba! #fyp #motivacao #motivacao #filosofia #amor #motivacional #psicologia #relacionamento #reflexao ,https://www.tiktok.com/@mentes_brilhantes2/video/7294045253022010630,94600,716,26200,2000000,"fyp,motivacao,motivacao,filosofia,amor,motivacional,psicologia,relacionamento,reflexao","fyp,motivacao,filosofia,amor,motivacional,psicologia,relacionamento,reflexao",Outro
marirobattini,6000000,83800,1280,Bota a fivela e cavalo ü§† esse v√≠deo t√° muito lindoo üíõ #circo #trend #marirobattini ,https://www.tiktok.com/@marirobattini/video/7298859596695751942,121900,537,592,2500000,"circo,trend,marirobattini","circo,trend,marirobattini",Moda
narrandogororobas,114000,99,57,Ao mosso de domingo üòã #indianfood #comidaderuaindiana #pratodehoje #narrandogororobas,https://www.tiktok.com/@narrandogororobas/video/7292823051534601477,332100,4855,20000,5100000,"indianfood,comidaderuaindiana,pratodehoje,narrandogororobas","indianfood,comidaderuaindiana,pratodehoje,narrandogororobas",Outro
mysword00,499500,4,262,"""Milagre na fazenda"" Pr. Ivo Rodrigues #prega√ß√£o #pregacao #testemunho #crentenotiktok #edit",https://www.tiktok.com/@mysword00/video/7286874470457822470,94700,154,457,562900,"prega√ß√£o,pregacao,testemunho,crentenotiktok,edit","prega√ß√£o,pregacao,testemunho,crentenotiktok,edit",Religi√£o
alexeli87,1700000,10100,5355,#alexeli87 #nunes291 #casalcom√©dia #live #cocacola ,https://www.tiktok.com/@alexeli87/video/7288844279248604422,13600,711,51,984100,"alexeli87,nunes291,casalcom√©dia,live,cocacola","alexeli87,nunes291,casalcom√©dia,live,cocacola",M√∫sica
origemprospera,326400,449,379,Como Ganhar R$5 Mil Por M√™s na Internet | Davi Ribas #daviribas #origemprospera,https://www.tiktok.com/@origemprospera/video/7291137998429736198,11200,256,1077,196800,"daviribas,origemprospera","daviribas,origemprospera",Outro
secretodebruja,1900000,809,550,HAZ ESTO EN TU MANO CON UN AJO Y VERAS LO QUE SUCEDE üßø #witch #witchy #witchlife #witchcraft #witchtok #hechizo #consejo #bruja #secretodebruja #proteccion ,https://www.tiktok.com/@secretodebruja/video/7290792905285979398,631800,3287,205500,19900000,"witch,witchy,witchlife,witchcraft,witchtok,hechizo,consejo,bruja,secretodebruja,proteccion","witch,witchy,witchlife,witchcraft,witchtok,hechizo,consejo,bruja,secretodebruja,proteccion",Religi√£o
rhuanzinho0810,72500,31500,6,Jesus √© perfeito!üôèüèª#fyp„Ç∑ ,https://www.tiktok.com/@rhuanzinho0810/video/7272095501095406854,251100,1079,9833,1300000,fyp„Ç∑,fyp„Ç∑,Outro
contos.danoite,124600,34,24,Filmagem no final do v√≠deo. #real #capturadosporcameras #criaturasmagicas #ia #criatura #criaturas #lendasurbanas #TokDoEnem #inteligenciaartificial #real #megalodon #mar #oceano ,https://www.tiktok.com/@contos.danoite/video/7300577148115422470,18900,100,66,370600,"real,capturadosporcameras,criaturasmagicas,ia,criatura,criaturas,lendasurbanas,tokdoenem,inteligenciaartificial,real,megalodon,mar,oceano","real,capturadosporcameras,criaturasmagicas,ia,criatura,criaturas,lendasurbanas,tokdoenem,inteligenciaartificial,megalodon,mar,oceano",Arte
cortellaoficial,2100000,40,419,Voc√™ seria capaz de prestar contas sobre suas a√ß√µes durante a vida? #cortella  #Filosofia #palestra #vaiprofy ,https://www.tiktok.com/@cortellaoficial/video/7300694112213257478,2268,14,262,32400,"cortella,filosofia,palestra,vaiprofy","cortella,filosofia,palestra,vaiprofy",Outro
starsunie,44500,2265,24,EU VOU TOMAR UM TACAC√Å | #meme #fyp ,https://www.tiktok.com/@starsunie/video/7291824059422084357,932500,9661,56000,9200000,"meme,fyp","meme,fyp",Com√©dia
pregacaopoderosa,476600,194,427,"A OBRA √â SUA, MAS A DIRE√á√ÉO √â MINHA - PREGA√á√ÉO PODEROSA  #pregacaopoderosa #titanic #pastorjuniotrovaooficial #prjuniortrov√£o #juniortrovao #pastorjuniortrovao #editcrist√£o #crentenotiktok",https://www.tiktok.com/@pregacaopoderosa/video/7276095557372759302,414800,2018,29100,4400000,"pregacaopoderosa,titanic,pastorjuniotrovaooficial,prjuniortrov√£o,juniortrovao,pastorjuniortrovao,editcrist√£o,crentenotiktok","pregacaopoderosa,titanic,pastorjuniotrovaooficial,prjuniortrov√£o,juniortrovao,pastorjuniortrovao,editcrist√£o,crentenotiktok",Religi√£o
morebible,1300000,556,815,üö®O BRUXO TEVE QUE SE CONVERTER!üò± #testemunho #igreja #pregacao #crentenotiktok #videoviral ,https://www.tiktok.com/@morebible/video/7267923000073145606,307100,6053,45000,5200000,"testemunho,igreja,pregacao,crentenotiktok,videoviral","testemunho,igreja,pregacao,crentenotiktok,videoviral",Religi√£o
ruyterhighligths,29500,1679,104,Ajude para ser ajudado! Lei do Universo #ruyter #ruyterpoubel #cortes ,https://www.tiktok.com/@ruyterhighligths/video/7274981848835525893,8521,914,2210,115000,"ruyter,ruyterpoubel,cortes","ruyter,ruyterpoubel,cortes",Outro
brunalohaiine,3900000,37900,426,Rotina #rotina #faxina #donadecasa ,https://www.tiktok.com/@brunalohaiine/video/7291429241860803846,313900,972,283,1900000,"rotina,faxina,donadecasa","rotina,faxina,donadecasa",Religi√£o
zezim.futt,311800,1204,33,AS CANETAS MAIS HUMILHANTES DO FUTEBOL ‚öΩüî• #futebol #football #caneta #skills ,https://www.tiktok.com/@zezim.futt/video/7270562927009090821,165400,816,5729,2400000,"futebol,football,caneta,skills","futebol,football,caneta,skills",Outro
mensagensprclaudioduarte,2200000,458,134,APRENDA ISSO‚Ä¶ #aprendizagem #pastorclaudioduarte #reflita #mensagem ,https://www.tiktok.com/@mensagensprclaudioduarte/video/7290624055172959494,169600,888,28000,3700000,"aprendizagem,pastorclaudioduarte,reflita,mensagem","aprendizagem,pastorclaudioduarte,reflita,mensagem",Arte
edicaongt,752300,415,1224,testemunho tenebroso do cantor que impactou a igreja/part 2 #palavraforte #pregacaoforte #edicaongt #ipda ,https://www.tiktok.com/@edicaongt/video/7269210499018050821,17500,89,721,356900,"palavraforte,pregacaoforte,edicaongt,ipda","palavraforte,pregacaoforte,edicaongt,ipda",Religi√£o
flaviofelipe3,454200,4224,70,Macarr√£o+contrafil√© ü•©üòã #receita #janta #rotina #morandosozinho #cozinha #macarrao ,https://www.tiktok.com/@flaviofelipe3/video/7298847373931957509,113100,966,457,1700000,"receita,janta,rotina,morandosozinho,cozinha,macarrao","receita,janta,rotina,morandosozinho,cozinha,macarrao",Religi√£o
prf.fronteita,83600,367,58,#prfbrasil #operacaopolicial #polic #operacaofronteirabrasil ,https://www.tiktok.com/@prf.fronteita/video/7282064703466097925,67000,208,262,2200000,"prfbrasil,operacaopolicial,polic,operacaofronteirabrasil","prfbrasil,operacaopolicial,polic,operacaofronteirabrasil",Moda
brenocosta.oficial,5200000,16100,983,Acertei a üö™ ?? #magica #magicobrenocosta #ilusao #diversao ,https://www.tiktok.com/@brenocosta.oficial/video/7299246458623167750,28800,1273,92,438500,"magica,magicobrenocosta,ilusao,diversao","magica,magicobrenocosta,ilusao,diversao",Outro
gororoba.narrada,313100,41,94,P√£ocovo Fit #comidaderuaindiana #gororobanarrada #narradorengracado ,https://www.tiktok.com/@gororoba.narrada/video/7300899925657799941,4482,145,142,43600,"comidaderuaindiana,gororobanarrada,narradorengracado","comidaderuaindiana,gororobanarrada,narradorengracado",Com√©dia
bibliadocristao,269800,6706,128,Por que a biblia diz que os mortos n√£o sabem nada ?#biblia #cristianismo #jesus #deus #fe #oraca #foryou ,https://www.tiktok.com/@bibliadocristao/video/7280940859162397958,220000,2125,28700,4800000,"biblia,cristianismo,jesus,deus,fe,oraca,foryou","biblia,cristianismo,jesus,deus,fe,oraca,foryou",Religi√£o
umpregador_,173700,216,60,PASTOR FALOU NA CARA DO CHEFE DO TR4FIC0 üò≥ #pastor #falounacara #juniortrovao #trafico #evangelizando #pregador #pregacao ,https://www.tiktok.com/@umpregador_/video/7277503387271171334,391500,1588,11200,2600000,"pastor,falounacara,juniortrovao,trafico,evangelizando,pregador,pregacao","pastor,falounacara,juniortrovao,trafico,evangelizando,pregador,pregacao",Religi√£o
lygospel_,1300000,881,479,Meu orgulho me tirou do jardim üò≠‚ù§Ô∏è‚Äçüî• #louvor #gospel #musicagospel #hino #status ,https://www.tiktok.com/@lygospel_/video/7289955254546730246,609700,2050,57100,6400000,"louvor,gospel,musicagospel,hino,status","louvor,gospel,musicagospel,hino,status",Arte
tribodouro,291600,0,71,üé• Eu Acredito #reflexao #tiktok ,https://www.tiktok.com/@tribodouro/video/7271882295684926725,1600000,7459,35400,15200000,"reflexao,tiktok","reflexao,tiktok",Outro
morebible,1300000,556,815,üö®PASTOR CHEIO DA GRANA TENTOU COMPRAR SANDRA ALVES!üò≥ #pastor #igreja #sandraalves #crentenotiktok #videoviral ,https://www.tiktok.com/@morebible/video/7299151621303422214,248300,5771,25600,4000000,"pastor,igreja,sandraalves,crentenotiktok,videoviral","pastor,igreja,sandraalves,crentenotiktok,videoviral",Religi√£o
luzes.camera,402700,1083,210,Esposa do patr√£o foi maltratada #fyp„Ç∑ #traicao #vidareal #emotional #capcut #emocionante #arrogante #patrao #cortes ,https://www.tiktok.com/@luzes.camera/video/7290259966101949701,104900,1851,2497,5000000,"fyp„Ç∑,traicao,vidareal,emotional,capcut,emocionante,arrogante,patrao,cortes","fyp„Ç∑,traicao,vidareal,emotional,CapCut,emocionante,arrogante,patrao,cortes",Outro
tarcisiosalomaofilho,912700,11900,223,Compartilha ! #jesus #biblia #bibliasagrada ,https://www.tiktok.com/@tarcisiosalomaofilho/video/7291431538539990278,225700,2119,5825,998900,"jesus,biblia,bibliasagrada","jesus,biblia,bibliasagrada",Religi√£o
cortespodcastsul,377000,1998,349,√â TEMPO DOS JOVENS SE UNIREM EM UMA FOR√áA S√ì! ULTIMO AVIVAMENTO ‚úùÔ∏è #marialorena #irmamarialorena #igrejasevang√©licas #jovensdaigreja #jovenscrist√£os #apocalipsebiblia #fimdostempos #cristaostiktok ,https://www.tiktok.com/@cortespodcastsul/video/7284227714855423238,134500,1050,11600,1400000,"marialorena,irmamarialorena,igrejasevang√©licas,jovensdaigreja,jovenscrist√£os,apocalipsebiblia,fimdostempos,cristaostiktok","marialorena,irmamarialorena,igrejasevang√©licas,jovensdaigreja,jovenscrist√£os,apocalipsebiblia,fimdostempos,cristaostiktok",Religi√£o
universeexplorer_,96100,228,101,#ondasgravitacionais #universo #espa√ßo #einstein #astronomia #teoria #fyp„Ç∑ #fyy ,https://www.tiktok.com/@universeexplorer_/video/7280955441184541957,430900,1525,3411,3600000,"ondasgravitacionais,universo,espa√ßo,einstein,astronomia,teoria,fyp„Ç∑,fyy","ondasgravitacionais,universo,espa√ßo,einstein,astronomia,teoria,fyp„Ç∑,fyy",Outro
time_corinthia_n_s,127300,543,329,#CapCut ,https://www.tiktok.com/@time_corinthia_n_s/video/7269829235865373958,20200,336,4468,590000,capcut,CapCut,Outro
sobre.funk,4600000,4531,1122,ELA √â O PR√ìPRIO AUTOTUNE üò± #triz #canto #voz ,https://www.tiktok.com/@sobre.funk/video/7296595007958437126,899100,9450,7074,13800000,"triz,canto,voz","triz,canto,voz",M√∫sica
cenaspiloto,427600,789,31,Essa cena me destruiu!üò≠üíî #editsdefilmes #filme #filmes #emocianante #trechosdefilmes ,https://www.tiktok.com/@cenaspiloto/video/7294735961999559941,35800,141,177,483000,"editsdefilmes,filme,filmes,emocianante,trechosdefilmes","editsdefilmes,filme,filmes,emocianante,trechosdefilmes",Outro
metodoquestiona,647500,753,1594,Como estudar para o ENEM 2024 #enem2024 #metododeestudo #terceirao ,https://www.tiktok.com/@metodoquestiona/video/7298070219845602566,427000,2091,2097,2000000,"enem2024,metododeestudo,terceirao","enem2024,metododeestudo,terceirao",Outro
chefinoficial,5500000,1665,341,10 carro guardado na minha garagem #chefin ,https://www.tiktok.com/@chefinoficial/video/7281074629383376134,314300,585,3263,3300000,chefin,chefin,Outro
bombeiro.civil.brasil,510200,29,99,O que fazer para socorrer uma pessoa convulsionando? #aph #primeirossocorros #convulsao #epilepsia #bombeira #bombeirocivil #samu #bombeiros ,https://www.tiktok.com/@bombeiro.civil.brasil/video/7267910859429645573,662600,3033,7626,7700000,"aph,primeirossocorros,convulsao,epilepsia,bombeira,bombeirocivil,samu,bombeiros","aph,primeirossocorros,convulsao,epilepsia,bombeira,bombeirocivil,samu,bombeiros",Outro
joaopedrofl,1600000,22800,786,#CapCut ,https://www.tiktok.com/@joaopedrofl/video/7292895175314001157,23000,103,63,285800,capcut,CapCut,Outro
centralfuxico,43500,413,1169,SIMONE SAI DO SALTO #CapCut #musica #show #simonemendes #simone ,https://www.tiktok.com/@centralfuxico/video/7291102555294141702,30300,154,471,2600000,"capcut,musica,show,simonemendes,simone","CapCut,musica,show,simonemendes,simone",Arte
video_motivacionall,53400,7590,858,Se o barco de Pedro estivesse cheio de peixe ele n√£o deixaria Jesus entrar... #pregacaoedificantes  #viral #fy  #tiktokreligiao   #cristao #tiktokcristao   #videosmotivacionais  #religiao  #pregacao  #deus #revela√ß√£o  @TikTok Brasil #devocional ,https://www.tiktok.com/@video_motivacionall/video/7290339920168750341,198300,1573,44900,2800000,"pregacaoedificantes,viral,fy,tiktokreligiao,cristao,tiktokcristao,videosmotivacionais,religiao,pregacao,deus,revela√ß√£o,devocional","pregacaoedificantes,viral,fy,tiktokreligiao,cristao,tiktokcristao,videosmotivacionais,religiao,pregacao,deus,revela√ß√£o,devocional",Religi√£o
onetimeclip,58200,264,174,"Testemunho lindo, Pastora Sarah Sheeva fala de sua esperiencia com Deus. Olha oque ela falou Podcast Intelig√™ncia Ltda üéôÔ∏è Pastora Sarah Sheeva #podcastcrist√£o #cortespodcast #cristaosnotiktok #sarahsheeva #voltadejesus #cristaoedificante #jesusestavoltando #onetimeclipe #cortes ",https://www.tiktok.com/@onetimeclip/video/7282881449412414726,777000,6524,27800,5900000,"podcastcrist√£o,cortespodcast,cristaosnotiktok,sarahsheeva,voltadejesus,cristaoedificante,jesusestavoltando,onetimeclipe,cortes","podcastcrist√£o,cortespodcast,cristaosnotiktok,sarahsheeva,voltadejesus,cristaoedificante,jesusestavoltando,onetimeclipe,cortes",Religi√£o
ebooks_baratos_infalivel,2293,64,19,Como criad PRL e produtos na kiwify link dos prl na bio do insta e do tik tok #kiwify #fyp #viral ,https://www.tiktok.com/@ebooks_baratos_infalivel/video/7268132758453603590,17100,633,883,319700,"kiwify,fyp,viral","kiwify,fyp,viral",Outro
diaadiacomsaudee,377000,78,123,Como acabar com artrite e artrose!! . üó£Ô∏è: Dr Uronal zancan . #uronalzancan #artrite #artrose #idoso,https://www.tiktok.com/@diaadiacomsaudee/video/7291053404883832070,207100,1314,68400,6700000,"uronalzancan,artrite,artrose,idoso","uronalzancan,artrite,artrose,idoso",Arte
restaura.clips,498300,31,222,"Restaura√ß√£o de um rel√≥gio avaliado em US$1.000.000,00 encontrado nos lix√µes de Dubai. Parte 1 #restauracion #restaura√ß√£o #restauration #relogio #watch #luxo #rolex #satisfying #relax #parte1 ",https://www.tiktok.com/@restaura.clips/video/7299600046767525125,32400,328,675,5800000,"restauracion,restaura√ß√£o,restauration,relogio,watch,luxo,rolex,satisfying,relax,parte1","restauracion,restaura√ß√£o,restauration,relogio,watch,luxo,rolex,satisfying,relax,parte1",Arte
maisreceitas,529300,16400,472,Mo√ßa gelada  #sobremesagelada #doce #receitafacil #mocagelada ,https://www.tiktok.com/@maisreceitas/video/7269861512980745478,611100,5764,126000,12300000,"sobremesagelada,doce,receitafacil,mocagelada","sobremesagelada,doce,receitafacil,mocagelada",Outro
lygospel_,1300000,881,479,Galileu üôè‚ù§Ô∏è‚Äçüî• #musicagospel #status #hino #gospel #louvor ,https://www.tiktok.com/@lygospel_/video/7292133909955955974,143400,1323,12200,1000000,"musicagospel,status,hino,gospel,louvor","musicagospel,status,hino,gospel,louvor",Arte
y4hweh_,63000,170,19,"üò≥""PODE?""  #tiktokcristao #foryougospel #pastorjuniortrovao #prega√ß√£oevang√©lica #pregacaoforte  #juniortrovao2023 @Pastorjuniortrovaooficial ",https://www.tiktok.com/@y4hweh_/video/7275022745417583878,513300,4141,30300,3300000,"tiktokcristao,foryougospel,pastorjuniortrovao,prega√ß√£oevang√©lica,pregacaoforte,juniortrovao2023","tiktokcristao,foryougospel,pastorjuniortrovao,prega√ß√£oevang√©lica,pregacaoforte,juniortrovao2023",Religi√£o
carlosnogueira39,128000,3453,266,"OS HUMILHADOS SER√ÉO EXALTADOS, FA√áA O BEM E ELE RETORNAR√Å.FILME HOT DOG STAND MUITO LINDO üôèüôèüôèüôèüôèüôèüôè #deus  #gratidao  #fazerobem ",https://www.tiktok.com/@carlosnogueira39/video/7295720772323003653,944400,8529,9591,20300000,"deus,gratidao,fazerobem","deus,gratidao,fazerobem",Religi√£o
silvio.de.jesus,15900,160,1290,Ovos frescos e gra√∫dos.#ovos #DiaDosProfessores #pet #dog ,https://www.tiktok.com/@silvio.de.jesus/video/7290269974889762053,27900,1162,43100,2700000,"ovos,diadosprofessores,pet,dog","ovos,diadosprofessores,pet,dog",Religi√£o
ozenonalves,753800,165,172,Primeiro cop√£o da cliente. E voc√™? Ja provou ? #distribuidoradebebidas  #adega  #atendimentoaocliente  #cocktail  #drink ,https://www.tiktok.com/@ozenonalves/video/7298827588225502470,257500,719,791,4600000,"distribuidoradebebidas,adega,atendimentoaocliente,cocktail,drink","distribuidoradebebidas,adega,atendimentoaocliente,cocktail,drink",Arte
universeexplorer_,96100,228,101,#aquecimentoglobal #terra #vida #news #fyp„Ç∑ #fy ,https://www.tiktok.com/@universeexplorer_/video/7287980245687274758,311700,6301,16700,2500000,"aquecimentoglobal,terra,vida,news,fyp„Ç∑,fy","aquecimentoglobal,terra,vida,news,fyp„Ç∑,fy",Outro
morebible,1300000,556,815,üö®SE VOCEÃÇ ENTENDER ISSO SUA MENTE MUDA!ü§Ø #pregacao #pastor #igreja #crentenotiktok #videoviral ,https://www.tiktok.com/@morebible/video/7298793325585386757,59700,1113,7455,691000,"pregacao,pastor,igreja,crentenotiktok,videoviral","pregacao,pastor,igreja,crentenotiktok,videoviral",Religi√£o
guerreiras_valentes,129200,313,225,#guerreirasvalentes #mulherescristas #sandraalves #sandraalvespregacao #tiktokgospel #fygospel #pregacao #fycristao #deus #deusefiel,https://www.tiktok.com/@guerreiras_valentes/video/7271239329396116741,164600,2063,9823,1700000,"guerreirasvalentes,mulherescristas,sandraalves,sandraalvespregacao,tiktokgospel,fygospel,pregacao,fycristao,deus,deusefiel","guerreirasvalentes,mulherescristas,sandraalves,sandraalvespregacao,tiktokgospel,fygospel,pregacao,fycristao,deus,deusefiel",Religi√£o
casamentoajudando,1000000,3,135,Milion√°rio ajuda a mulher que recebia maus tratos por parte do seu esposo üò≠ PARTE 1 #milionario #experimentosocial #amoraoproximo #viral #ajudar ,https://www.tiktok.com/@casamentoajudando/video/7295886078110698758,344600,3382,2664,8900000,"milionario,experimentosocial,amoraoproximo,viral,ajudar","milionario,experimentosocial,amoraoproximo,viral,ajudar",Religi√£o
rafaelpedreirobg,2000000,8340,324,servi√ßo de pedreiro satisfat√≥rio construindo uma su√≠te  #pedreiro #constru√ß√£o #obra #reforma ,https://www.tiktok.com/@rafaelpedreirobg/video/7299931159419538694,61200,247,112,902500,"pedreiro,constru√ß√£o,obra,reforma","pedreiro,constru√ß√£o,obra,reforma",Outro
salmossintetizados,3831,10,20,Voc√™ concorda? #fy #pecado #igreja #10mandamentos #7pecasoscapitales ,https://www.tiktok.com/@salmossintetizados/video/7277219845907778821,25100,463,12800,1700000,"fy,pecado,igreja,10mandamentos,7pecasoscapitales","fy,pecado,igreja,10mandamentos,7pecasoscapitales",Religi√£o
jesus_oficiial,2200000,2396,1081,#jesus #deus #jesuslovesyou #foryoupage #foryou #funny #fyp #viral #tiktok #fyp„Ç∑ ,https://www.tiktok.com/@jesus_oficiial/video/7300945518329449733,1542,193,29,13400,"jesus,deus,jesuslovesyou,foryoupage,foryou,funny,fyp,viral,tiktok,fyp„Ç∑","jesus,deus,jesuslovesyou,foryoupage,foryou,funny,fyp,viral,tiktok,fyp„Ç∑",Religi√£o
fnetto__,25100,359,23,‚ÄúLa vai tu fazer as vontades da tua namorada n√©?‚Äù Eu: pra mim isso √© pergunta besta! Te amo @Giovanna Moraes #buquedeborboletas #butterflybouquet #amor #surpresa #casal,https://www.tiktok.com/@fnetto__/video/7300136291524545798,1300000,8846,8466,8400000,"buquedeborboletas,butterflybouquet,amor,surpresa,casal","buquedeborboletas,butterflybouquet,amor,surpresa,casal",Outro
caminhoaosucesso_,49800,195,191,Teoria da terra ocaüåéüò± #terra #dinossauro #universo #astronomia #sergiosacani ,https://www.tiktok.com/@caminhoaosucesso_/video/7289164201254341894,333500,3607,2743,4100000,"terra,dinossauro,universo,astronomia,sergiosacani","terra,dinossauro,universo,astronomia,sergiosacani",Outro
alexeli87,1700000,10100,5355,#alexeli87 #nunes291 #casalcom√©dia #live #cocacola ,https://www.tiktok.com/@alexeli87/video/7283616394959277318,181600,5866,734,11600000,"alexeli87,nunes291,casalcom√©dia,live,cocacola","alexeli87,nunes291,casalcom√©dia,live,cocacola",M√∫sica
conselhosdosenhor,308300,366,116,Arque√≥logos encontraram provas de que Deus pousou na terra. #vocesabia #curiosidades #curiosidadesbiblicas #deus #catolicos #evangelicos #crentes #montesinai ,https://www.tiktok.com/@conselhosdosenhor/video/7288505856738610437,70400,12600,912,572500,"vocesabia,curiosidades,curiosidadesbiblicas,deus,catolicos,evangelicos,crentes,montesinai","vocesabia,curiosidades,curiosidadesbiblicas,deus,catolicos,evangelicos,crentes,montesinai",Religi√£o
tiktokforbusinessbr,43300,154,320,"üö® INSCRI√á√ïES AT√â 18/11 üö®O TikTok j√° te ajudou a impulsionar seu neg√≥cio? Queremos conhecer sua hist√≥ria no nosso novo concurso em parceria com o SEBRAE. Participe e concorra a um pr√™mio de R$ 5 mil para impulsionar seu neg√≥cio, al√©m de curso de capacita√ß√£o e apoio aos vencedores.  Inscreva-se pelo link na bio!  #TikTokMeFezEmpreender #EmpreendanoTikTok Promo√ß√£o autorizada pela SER, CA 3-30273/2023. Consulte regulamento completo",https://www.tiktok.com/@tiktokforbusinessbr/video/7299563570759503110,57400,330,845,23300000,"tiktokmefezempreender,empreendanotiktok","tiktokmefezempreender,empreendanotiktok",Religi√£o
casos.criminais123,152400,119,912,Bruno e Marcia - parte 7 #investigacaocriminal ,https://www.tiktok.com/@casos.criminais123/video/7286158372544466181,142800,529,347,4600000,investigacaocriminal,investigacaocriminal,Outro
sua.voz.interna,64900,1085,146,NARCISISTAS‚Ä¶ #narcisista #narcisismo #narcisistas #anabeatrizbarbosa #foryou ,https://www.tiktok.com/@sua.voz.interna/video/7283259026060643590,140300,1791,9816,1700000,"narcisista,narcisismo,narcisistas,anabeatrizbarbosa,foryou","narcisista,narcisismo,narcisistas,anabeatrizbarbosa,foryou",Outro
filmenominuto,98900,1154,13,#picapauvideos #desenhoantigo #picapau #desenho #anima√ß√£o #funny #desenhosanimados #desenhosantigos ,https://www.tiktok.com/@filmenominuto/video/7282051333203496197,192300,821,3379,3000000,"picapauvideos,desenhoantigo,picapau,desenho,anima√ß√£o,funny,desenhosanimados,desenhosantigos","picapauvideos,desenhoantigo,picapau,desenho,anima√ß√£o,funny,desenhosanimados,desenhosantigos",Arte
cortes_gospels,6743,2094,150,Se voc√™ n√£o Orar voc√™ vai cair ü•∫‚ù§Ô∏è #assembleiadedeus #pregadoresdoevangelho #assembeianos #pregacaoevangelica #pregacaoesedificantes #prelizeurodrigues #elizeurodrigues ,https://www.tiktok.com/@cortes_gospels/video/7300707662105201925,7844,43,899,47400,"assembleiadedeus,pregadoresdoevangelho,assembeianos,pregacaoevangelica,pregacaoesedificantes,prelizeurodrigues,elizeurodrigues","assembleiadedeus,pregadoresdoevangelho,assembeianos,pregacaoevangelica,pregacaoesedificantes,prelizeurodrigues,elizeurodrigues",Religi√£o
morebible,1300000,556,815,üö®JESUS E O CHAMADO DE TIAGO!ü•π #thechosen #jesus #netflix #crentenotiktok #videoviral ,https://www.tiktok.com/@morebible/video/7297369997586844933,118900,3756,18900,1300000,"thechosen,jesus,netflix,crentenotiktok,videoviral","thechosen,jesus,netflix,crentenotiktok,videoviral",Religi√£o
lizx.macedo,1700000,57600,749,grwmm #casal #humor #grwm #arrumesecomigo #viral #fy ,https://www.tiktok.com/@lizx.macedo/video/7290328650648653062,1300000,6974,4150,10500000,"casal,humor,grwm,arrumesecomigo,viral,fy",,Outro
casalnathybruno.ofc,2100000,3973,887,inacredit√°vel o que tinha no carro da minha funcion√°ria #noticia #fy #viral #funcionario ,https://www.tiktok.com/@casalnathybruno.ofc/video/7285746924278402310,470800,7886,7069,26500000,"noticia,fy,viral,funcionario","noticia,fy,viral,funcionario",Outro
cenas_favoritass,195100,2044,450,Velozes e furiososüöóüî•#velozesefuriosos #filme #acao #filmedeacao #vaiprofycaramba #viralvideos #fyppppppppppppppppppppppp #entretenimiento #foryou #TikTokReceita #viral #infancia #nostalgia ,https://www.tiktok.com/@cenas_favoritass/video/7282573449673837829,857100,2714,9144,5700000,"velozesefuriosos,filme,acao,filmedeacao,vaiprofycaramba,viralvideos,fyppppppppppppppppppppppp,entretenimiento,foryou,tiktokreceita,viral,infancia,nostalgia","velozesefuriosos,filme,acao,filmedeacao,vaiprofycaramba,viralvideos,fyppppppppppppppppppppppp,entretenimiento,foryou,TikTokReceita,viral,infancia,Nostalgia",Outro
historiasedicas,798200,113,5511,Coloque Pasta de dente na coca cola e voc√™ vai me agradecer por isso! √â incr√≠vel o Resultado! #viral #viralvideo #viraltiktok #limpeza #donadecasa #dicas #dica ,https://www.tiktok.com/@historiasedicas/video/7284003484717042950,766000,8989,425700,46700000,"viral,viralvideo,viraltiktok,limpeza,donadecasa,dicas,dica","viral,viralvideo,viraltiktok,limpeza,donadecasa,dicas,dica",Outro
halextori,3900000,1819,789,O assovio da caipora!  #lenda #bizarro #medo,https://www.tiktok.com/@halextori/video/7300539404760780037,130200,2447,812,1700000,"lenda,bizarro,medo","lenda,bizarro,medo",Outro
uncaoeadoracaoofc,38100,308,103,Era a m√£o de Deus- Dalete Hungria(Cover) #louvor #lyrics #louvor #daletehungria #gospel #fyp #fyy #jesus #deus #1millionaudition #musicagospel #viral #hino ,https://www.tiktok.com/@uncaoeadoracaoofc/video/7280176155200687366,109400,2645,28800,1700000,"louvor,lyrics,louvor,daletehungria,gospel,fyp,fyy,jesus,deus,1millionaudition,musicagospel,viral,hino","louvor,lyrics,daletehungria,gospel,fyp,fyy,jesus,deus,1millionaudition,musicagospel,viral,hino",Arte
sou.extraordinario,140900,261,39,"Garanta o ""Guia do Amor Pr√≥prio"" pelo link que est√° na bio do perfil! ‚ù§Ô∏è  V√≠deo por: Gabi Prado  #amorproprio #reflexoes #mentepositiva #autoestima #mulheresempoderadas #autoconhecimento #saudemental ",https://www.tiktok.com/@sou.extraordinario/video/7288741384746585349,648600,2470,33600,6900000,"amorproprio,reflexoes,mentepositiva,autoestima,mulheresempoderadas,autoconhecimento,saudemental","amorproprio,reflexoes,mentepositiva,autoestima,mulheresempoderadas,autoconhecimento,saudemental",Fitness
jucortezbz,394100,4387,392,Respondendo a @Giih Makeup como se chama isso na sua cidade ?  #sacol√©gourmet #sacol√© #dindingourmet #chupchup #geladinho #geladinhogourmet ,https://www.tiktok.com/@jucortezbz/video/7270678689522683141,167300,1248,11500,2400000,"sacol√©gourmet,sacol√©,dindingourmet,chupchup,geladinho,geladinhogourmet","sacol√©gourmet,sacol√©,dindingourmet,chupchup,geladinho,geladinhogourmet",Outro
cortespodcastsul,377000,1998,349,PASTOR RODRIGO SILVA DA SUA OPNI√ÉO SOBRE A MARCA DO APOCALIPSE ‚úùÔ∏è #pastorrodrigosilva #rodrigosilvaarqueologia #rodrigosilvapodcast #marcadabesta #anticristo #estudobiblico #apocalipsebiblia #interpreta√ß√£obiblica #judeus #israelitas #tefillin ,https://www.tiktok.com/@cortespodcastsul/video/7296451421963128069,331300,2636,13600,4800000,"pastorrodrigosilva,rodrigosilvaarqueologia,rodrigosilvapodcast,marcadabesta,anticristo,estudobiblico,apocalipsebiblia,interpreta√ß√£obiblica,judeus,israelitas,tefillin","pastorrodrigosilva,rodrigosilvaarqueologia,rodrigosilvapodcast,marcadabesta,anticristo,estudobiblico,apocalipsebiblia,interpreta√ß√£obiblica,judeus,israelitas,tefillin",Religi√£o
oalien15,83200,48,94,"Imagina estar em uma viagem e, de repente, ela dura 35 anos PT 1. üò®üò®üò® #misterio #aviao #curiosidades #aviaosumiu ",https://www.tiktok.com/@oalien15/video/7292525744763325702,261700,4396,15900,7000000,"misterio,aviao,curiosidades,aviaosumiu","misterio,aviao,curiosidades,aviaosumiu",Outro
danyllocruz,30600,16900,537,#CapCut #recatecrecapagem #wstransportes #caminhaotop ,https://www.tiktok.com/@danyllocruz/video/7277978693371219205,35100,406,10100,2400000,"capcut,recatecrecapagem,wstransportes,caminhaotop","CapCut,recatecrecapagem,wstransportes,caminhaotop",Fitness
mysword00,499500,4,262,"""Ora√ß√£o impediu o bruxo"" Pr. Mois√©s Leopoldino #pregacao #prega√ß√£o #crentenotiktok #disciplina #motivacional",https://www.tiktok.com/@mysword00/video/7269050477264915717,89800,282,2282,558900,"pregacao,prega√ß√£o,crentenotiktok,disciplina,motivacional","pregacao,prega√ß√£o,crentenotiktok,disciplina,motivacional",Religi√£o
joelmaareal,2400000,238,261,Voc√™s j√° tomaram #tacaca ?,https://www.tiktok.com/@joelmaareal/video/7293509143929834758,1500000,28400,25100,18900000,tacaca,tacaca,Outro
corteswhinderssonnuns,65100,2875,31,natal de pobre e de rico#winderssonnunes #humor #comedia #foryou ,https://www.tiktok.com/@corteswhinderssonnuns/video/7286811692250533126,427200,1607,5944,11300000,"winderssonnunes,humor,comedia,foryou","winderssonnunes,humor,comedia,foryou",Com√©dia
morebible,1300000,556,815,üö®ELA MANDOU UM RECADO PARA OS CRISTAÃÉOS DO BRASIL!üò≥ #espiritualidade #podcast #cortespodcast #crentenotiktok #videoviral ,https://www.tiktok.com/@morebible/video/7300341415307906309,30200,369,1664,393100,"espiritualidade,podcast,cortespodcast,crentenotiktok,videoviral","espiritualidade,podcast,cortespodcast,crentenotiktok,videoviral",Religi√£o
motivaccaododia,120700,380,221,Deus realiza SONHOS üòçüôå #mulherescrist√£s #sonhos #palavradehoje #pastorasandraalves #evangelicostiktok ,https://www.tiktok.com/@motivaccaododia/video/7271046108460190982,227900,3866,22300,2500000,"mulherescrist√£s,sonhos,palavradehoje,pastorasandraalves,evangelicostiktok","mulherescrist√£s,sonhos,palavradehoje,pastorasandraalves,evangelicostiktok",Religi√£o
priw_muhammedo,1000000,0,267,#CapCut @üü∞Muhammedüü∞ ,https://www.tiktok.com/@priw_muhammedo/video/7292901809704668421,22200,412,290,381500,capcut,CapCut,Outro
danielmarya,2800000,6456,2731,#dueto ,https://www.tiktok.com/@danielmarya/video/7300895025968319750,3193,21,2,36700,dueto,dueto,Outro
noticiasdoconsumidor,18400,93,58,PARTE 1 | Cliente descobre que vendedor fez cart√£o em seu nome e gastou #celsorussomanno #patrulhadoconsumidor #americanas #reportagem #noticia ,https://www.tiktok.com/@noticiasdoconsumidor/video/7299633082724846854,180600,808,537,4100000,"celsorussomanno,patrulhadoconsumidor,americanas,reportagem,noticia","celsorussomanno,patrulhadoconsumidor,americanas,reportagem,noticia",Outro
universeexplorer_,96100,228,101,#sol #mercurio #venus #universo #espa√ßo #astronomia #calor #fyy #fyp„Ç∑ ,https://www.tiktok.com/@universeexplorer_/video/7283176393045789958,323900,1916,1924,2500000,"sol,mercurio,venus,universo,espa√ßo,astronomia,calor,fyy,fyp„Ç∑","sol,mercurio,venus,universo,espa√ßo,astronomia,calor,fyy,fyp„Ç∑",Viagem
cortespablomarcal_,39500,734,38,clica no link da bio #codigos #empreendedorismodigital #motivacao #reflexao #empreendedor #pablomar√ßal ,https://www.tiktok.com/@cortespablomarcal_/video/7286848295165807877,65500,435,4515,1900000,"codigos,empreendedorismodigital,motivacao,reflexao,empreendedor,pablomar√ßal","codigos,empreendedorismodigital,motivacao,reflexao,empreendedor,pablomar√ßal",Viagem
lygospel_,1300000,881,479,Galileu üôè‚ù§Ô∏è‚Äçüî• #louvor #musicagospel #hino #status #gospel ,https://www.tiktok.com/@lygospel_/video/7290649661583543557,491900,4314,26500,3200000,"louvor,musicagospel,hino,status,gospel","louvor,musicagospel,hino,status,gospel",Arte
cortes_gospels,6745,2094,150,Jesus √© muito mais que s√≥ Amor üôè‚ù§Ô∏è #elizeurodrigues #prelizeurodrigues #assembleiadedeus #pregadoresdoevangelho #assembeianos #pregacaoevangelica #pregacaoesedificantes ,https://www.tiktok.com/@cortes_gospels/video/7300495859081317638,17000,172,2269,112100,"elizeurodrigues,prelizeurodrigues,assembleiadedeus,pregadoresdoevangelho,assembeianos,pregacaoevangelica,pregacaoesedificantes","elizeurodrigues,prelizeurodrigues,assembleiadedeus,pregadoresdoevangelho,assembeianos,pregacaoevangelica,pregacaoesedificantes",Religi√£o
leticia.gabriellii,289100,5926,68,Mais um diaz√£o aqui na ro√ßaüë©üèª‚Äçüåæ‚ù§Ô∏è‚Äçüî•üè° #vidanaro√ßa #rotinanaro√ßa #vidanositio ,https://www.tiktok.com/@leticia.gabriellii/video/7300706897051602181,10000,95,18,65000,"vidanaro√ßa,rotinanaro√ßa,vidanositio","vidanaro√ßa,rotinanaro√ßa,vidanositio",Outro
cenas.de.valor,151700,172,105,Esse ep ü•πü•π . üé• Doctor Who . #doctorwho #doctorwhoedits #vangogh #vangoghdoctorwho #filmeseseries #cenasdevalor ,https://www.tiktok.com/@cenas.de.valor/video/7287323262307126534,1800000,7645,19800,9400000,"doctorwho,doctorwhoedits,vangogh,vangoghdoctorwho,filmeseseries,cenasdevalor","doctorwho,doctorwhoedits,vangogh,vangoghdoctorwho,filmeseseries,cenasdevalor",Outro
emagrecimentosaudaavell,65700,1388,186,#emagrecer #alimentacaosaudavel #secabarriga #chasecabarriga #afinarcintura #antesedepoisemagrecimento #perderpeso #saudedamulher ,https://www.tiktok.com/@emagrecimentosaudaavell/video/7283614992312585478,138100,14300,28600,9400000,"emagrecer,alimentacaosaudavel,secabarriga,chasecabarriga,afinarcintura,antesedepoisemagrecimento,perderpeso,saudedamulher","emagrecer,alimentacaosaudavel,secabarriga,chasecabarriga,afinarcintura,antesedepoisemagrecimento,perderpeso,saudedamulher",Religi√£o
metropolesoficial,4500000,118,4430,"ü§£ Um motorista identificado como Marcos ganhou as redes sociais nessa quinta-feira (9/11) ap√≥s ser protagonista de um link ao vivo no Jornal da Manh√£, exibido pela TV Bahia. O homem estava ""tranquil√£o"" ap√≥s um grave acidente de tr√¢nsito. Acontece que Marcos havia capotado o carro na descida do Horto Florestal. Ao participar do telejornal, o baiano ‚Äî calmo at√© demais ‚Äî decidiu tranquilizar o rep√≥rter e n√£o fazer alarde sobre o epis√≥dio. ""Eu t√¥ bem, tranquilo"", disse ele. Questionado sobre o que aconteceu, Marcos explicou: ""[O carro] Derrapou ali, na curvinha, e capotou aqui. S√≥ deu duas viradinhas, s√≥"". #TikTokNot√≠cias ",https://www.tiktok.com/@metropolesoficial/video/7299847570560421126,330200,5564,9019,3700000,tiktoknot√≠cias,tiktoknot√≠cias,Outro
eu.heronreis,82200,508,244,#kiwify #plr #primeiravenda #iniciantemarketingdigital #trafegoorganico #vendaskiwify ,https://www.tiktok.com/@eu.heronreis/video/7286303216877260038,23000,425,632,249100,"kiwify,plr,primeiravenda,iniciantemarketingdigital,trafegoorganico,vendaskiwify","kiwify,plr,primeiravenda,iniciantemarketingdigital,trafegoorganico,vendaskiwify",Religi√£o
palavrasimpactant,337300,1280,165,escuta isso #foryou #pod #podcast #exbruxo #magia #crente #cristao #cristaosnotiktok #palavradedeus #palavrasimpactantes #testemunho #pecado #nervosismo ,https://www.tiktok.com/@palavrasimpactant/video/7280265880972446981,190500,3013,68800,3900000,"foryou,pod,podcast,exbruxo,magia,crente,cristao,cristaosnotiktok,palavradedeus,palavrasimpactantes,testemunho,pecado,nervosismo","foryou,pod,podcast,exbruxo,magia,crente,cristao,cristaosnotiktok,palavradedeus,palavrasimpactantes,testemunho,pecado,nervosismo",Religi√£o
oracoesdodiaadia,1600000,863,766,"""Testemunho Tremendo do poder de Deus!"" Cr√©ditos: @maquirpodcast  #oracoesdodiaadia  #prega√ß√£oforte  #assembleiadedeus  #prega√ß√£o  #pregacaoevangelica  #fycristao  #fygospel  #statusgospel  #fygospelbr  #mensagemdedeusprasuavida  #Deus  #jesus  #reflexao  #testemunho",https://www.tiktok.com/@oracoesdodiaadia/video/7268570053568941318,593100,7688,49700,6000000,"oracoesdodiaadia,prega√ß√£oforte,assembleiadedeus,prega√ß√£o,pregacaoevangelica,fycristao,fygospel,statusgospel,fygospelbr,mensagemdedeusprasuavida,deus,jesus,reflexao,testemunho","oracoesdodiaadia,prega√ß√£oforte,assembleiadedeus,prega√ß√£o,pregacaoevangelica,fycristao,fygospel,statusgospel,fygospelbr,mensagemdedeusprasuavida,deus,jesus,reflexao,testemunho",Religi√£o
rafaelpedreirobg,2000000,8340,324,pedreiro fazendo limpeza satisfat√≥ria em caixa d'√°gua de concreto  contato da loja Vbrasil  19 998342522 sac@vbrasil.com.br #pedreiro #constru√ß√£o #obra #reforma ,https://www.tiktok.com/@rafaelpedreirobg/video/7275845465680121094,729000,3945,4767,12200000,"pedreiro,constru√ß√£o,obra,reforma","pedreiro,constru√ß√£o,obra,reforma",Outro
danpireslenda,5300000,4015,1163,Respondendo a @üíö o Mausol√©u dos Matarazzo fica no Cemit√©rio da Consola√ß√£o ü™¶ #cemiterio #finados #mausoleu #sobrenatural #danpireslenda ,https://www.tiktok.com/@danpireslenda/video/7296647585668795653,25900,66,59,279200,"cemiterio,finados,mausoleu,sobrenatural,danpireslenda","cemiterio,finados,mausoleu,sobrenatural,danpireslenda",Viagem
lygospel_,1300000,881,479,Era a m√£o de Deus ü•π‚ù§Ô∏è‚Äçüî• #hino #musicagospel #gospel #louvor #status ,https://www.tiktok.com/@lygospel_/video/7275823175064161541,486200,2535,45300,6500000,"hino,musicagospel,gospel,louvor,status","hino,musicagospel,gospel,louvor,status",Arte
casamentoajudando,1000000,3,135,Milion√°rio troca bolo de dinheiro por um lanche  para linda mulher da rua üò≠ PARTE 1 #milionario #experimentosocial #amoraoproximo #viral #ajudar ,https://www.tiktok.com/@casamentoajudando/video/7292167162247007493,314900,2899,6706,12800000,"milionario,experimentosocial,amoraoproximo,viral,ajudar","milionario,experimentosocial,amoraoproximo,viral,ajudar",Religi√£o
videos.para.rir5,125600,65,69,Quem mais √© assim?üòÇüòÇ #videoengracado #osanguedejesustempoder #viral #rir #funny #zueira ,https://www.tiktok.com/@videos.para.rir5/video/7277352803998289158,203200,1700,22700,5000000,"videoengracado,osanguedejesustempoder,viral,rir,funny,zueira","videoengracado,osanguedejesustempoder,viral,rir,funny,zueira",Religi√£o
palavra.viva0,31800,71,25,Um Ex Defunto visou a igreja #marcofeliciano #ressurrei√ß√£o #gospelvideos ,https://www.tiktok.com/@palavra.viva0/video/7288487082643705094,100100,343,2170,1300000,"marcofeliciano,ressurrei√ß√£o,gospelvideos","marcofeliciano,ressurrei√ß√£o,gospelvideos",Religi√£o
caioeovovoanesio,5300000,2667,2707,#viralizou #fyp #foryou #caioevovoanesio ,https://www.tiktok.com/@caioeovovoanesio/video/7286492850785635589,607000,8727,41500,13200000,"viralizou,fyp,foryou,caioevovoanesio","viralizou,fyp,foryou,caioevovoanesio",Outro
receitasdo_tio,1900000,142,406,N√£o gaste dinheiro comprando panetone! Fa√ßa voc√™ mesmo essa receita s√∫per simples e r√°pida. #foryou ,https://www.tiktok.com/@receitasdo_tio/video/7299852020352060678,129600,1353,45000,3000000,foryou,foryou,Outro
flowpdc,2900000,1074,933,Voc√™ prefere o card√°pio padr√£o ou digital? #whinderssonnunes #whindersson #igor3k #flowpodcast ,https://www.tiktok.com/@flowpdc/video/7300265545407024389,17700,75,41,130100,"whinderssonnunes,whindersson,igor3k,flowpodcast","whinderssonnunes,whindersson,igor3k,flowpodcast",Outro
phillipys,9500000,22100,1210,KKKKKKK eu amo #fyp ,https://www.tiktok.com/@phillipys/video/7299911644174437637,198500,483,731,2500000,fyp,fyp,Outro
humorgarantido1,19000,922,73,Essa Ruim üòÇüòÇüòÇ #toninhotornado #toninhotornadooficial #jo√£okleber #pegadinha #nettotomaz #trend #dorival #CapCut #pegadinhadoido #viralizanotiktok #foryou ,https://www.tiktok.com/@humorgarantido1/video/7294618108197637381,97500,556,1177,837100,"toninhotornado,toninhotornadooficial,jo√£okleber,pegadinha,nettotomaz,trend,dorival,capcut,pegadinhadoido,viralizanotiktok,foryou","toninhotornado,toninhotornadooficial,jo√£okleber,pegadinha,nettotomaz,trend,dorival,CapCut,pegadinhadoido,viralizanotiktok,foryou",Moda
umpregador_,173700,216,60,PASTOR ENCAROU M4CUMB3IRO #pentecostalraiz #pregacao #juniortrovao #edit #africa #macumba ,https://www.tiktok.com/@umpregador_/video/7283434780144815365,231400,788,3230,1400000,"pentecostalraiz,pregacao,juniortrovao,edit,africa,macumba","pentecostalraiz,pregacao,juniortrovao,edit,africa,macumba",Religi√£o
tarcisiosalomaofilho,912700,11900,223,√â por que jesus se chamava de filho do homem #jesus #biblia #bibliasagrada ,https://www.tiktok.com/@tarcisiosalomaofilho/video/7282929616015133958,273900,3691,8351,1400000,"jesus,biblia,bibliasagrada","jesus,biblia,bibliasagrada",Religi√£o
reflexaododia21,238200,687,275,N√£o deixe a depress√£o te vencer üß†üôå #reflex√£ododia21 #deiveleonardo #depress√£o #motivacional #reflex√£o #fyp #Deus ,https://www.tiktok.com/@reflexaododia21/video/7290703616866848005,263900,2638,76300,4700000,"reflex√£ododia21,deiveleonardo,depress√£o,motivacional,reflex√£o,fyp,deus","reflex√£ododia21,deiveleonardo,depress√£o,motivacional,reflex√£o,fyp,deus",Religi√£o
santosxx_x,30600,67,31,ü´∂#love #voltavida #euteamo #tudoporvoce #iludida ,https://www.tiktok.com/@santosxx_x/video/7291808450202406149,432800,1847,1353,4700000,"love,voltavida,euteamo,tudoporvoce,iludida","love,voltavida,euteamo,tudoporvoce,iludida",Fitness
oracao.prosperidade,110800,0,53,Am√©m irm√£os üôèüôè #jesuscristo #deusefiel #palavradedeus #biblia ,https://www.tiktok.com/@oracao.prosperidade/video/7282050999542385925,129300,15000,14300,1200000,"jesuscristo,deusefiel,palavradedeus,biblia","jesuscristo,deusefiel,palavradedeus,biblia",Religi√£o
camilabarroson,2100000,347,376,Seu Deus n√£o s√£o seus medos!üî• #amem #palavralibertadora #medo #reflexao #camilabarros #pregacao #fyp #fy ,https://www.tiktok.com/@camilabarroson/video/7269585445468589317,409100,3659,64500,4000000,"amem,palavralibertadora,medo,reflexao,camilabarros,pregacao,fyp,fy","amem,palavralibertadora,medo,reflexao,camilabarros,pregacao,fyp,fy",Religi√£o
brtipografia,1100000,8785,139,Meu nome n√£o √© Igor...üé∂ #music #status #foryou #tipografia #mcig  #vaiprofycaramba #vaiprofy #fy ,https://www.tiktok.com/@brtipografia/video/7283240389052468485,378900,722,11100,3900000,"music,status,foryou,tipografia,mcig,vaiprofycaramba,vaiprofy,fy","music,status,foryou,tipografia,mcig,vaiprofycaramba,vaiprofy,fy",M√∫sica
cortesdemensagens,311800,492,184,Doutrina e costumes e suas diferen√ßas üëèüèªüëèüèªüëèüèª #juniortrovao #pastorjuniortrovao #videovira #videoviral #prjuniortrovao #videosdecrente #assembleianos #assembleianosdevalor #reflex√£o #reflex√£ododia #tiktok #culto #doutrina #doutrinas #costume #costumes ,https://www.tiktok.com/@cortesdemensagens/video/7268026817045482757,171000,3031,31400,3000000,"juniortrovao,pastorjuniortrovao,videovira,videoviral,prjuniortrovao,videosdecrente,assembleianos,assembleianosdevalor,reflex√£o,reflex√£ododia,tiktok,culto,doutrina,doutrinas,costume,costumes","juniortrovao,pastorjuniortrovao,videovira,videoviral,prjuniortrovao,videosdecrente,assembleianos,assembleianosdevalor,reflex√£o,reflex√£ododia,tiktok,culto,doutrina,doutrinas,costume,costumes",Viagem
annakarolinyn,153100,120,440,O tiktok paga por v√≠deo ou vizualiza√ß√µes?üö®üí∞#iniciantestiktok #comocrescernotiktok #comomonetizarotiktok #monetizartiktok #perfilnovo #ganhardinheiroonline #fontederenda #criadoresdeconteudo #criadorestiktok #fy ,https://www.tiktok.com/@annakarolinyn/video/7275407338486500614,183100,2,15400,7200000,"iniciantestiktok,comocrescernotiktok,comomonetizarotiktok,monetizartiktok,perfilnovo,ganhardinheiroonline,fontederenda,criadoresdeconteudo,criadorestiktok,fy","iniciantestiktok,comocrescernotiktok,comomonetizarotiktok,monetizartiktok,perfilnovo,ganhardinheiroonline,fontederenda,criadoresdeconteudo,criadorestiktok,fy",Arte
alissonedit6,24000,8203,264,julgamento das duas mulheres #salom√£orei #reis #noveladarecord #record #deusmaravilhoso ,https://www.tiktok.com/@alissonedit6/video/7298335493136125189,269000,723,1885,4500000,"salom√£orei,reis,noveladarecord,record,deusmaravilhoso","salom√£orei,reis,noveladarecord,record,deusmaravilhoso",Religi√£o
hyta_losantos,719000,390,149,Milion√°rio da marmita de DINHEIR0 ao jovem vendedor de doces üò≠üíî voc√™ vai chorar! Parte1/3 #fy #fyp #foryou #fyp„Ç∑ #amor‚ù§Ô∏è #tiktok #viral #viralvideotiktok #dinheiro #milionario #viralvideo #ajuda #video ,https://www.tiktok.com/@hyta_losantos/video/7288829539705441541,2000000,17900,19600,26100000,"fy,fyp,foryou,fyp„Ç∑,amor‚ù§Ô∏è,tiktok,viral,viralvideotiktok,dinheiro,milionario,viralvideo,ajuda,video","fy,fyp,foryou,fyp„Ç∑,amor‚ù§Ô∏è,tiktok,viral,viralvideotiktok,dinheiro,milionario,viralvideo,ajuda,video",Outro
nacaocuriosa,116600,993,150,Do que a NASA tem tanto medo? #conhecimento #fundodooceano  #estranho  #curiosidade  #nasa  #oceano  #curiosidades  #thalassofobia  #planeta #hist√≥riaarrepiante  #real  #fatos #talassofobia,https://www.tiktok.com/@nacaocuriosa/video/7279016664811736326,163800,1899,1437,2200000,"conhecimento,fundodooceano,estranho,curiosidade,nasa,oceano,curiosidades,thalassofobia,planeta,hist√≥riaarrepiante,real,fatos,talassofobia","conhecimento,fundodooceano,estranho,curiosidade,nasa,oceano,curiosidades,thalassofobia,planeta,hist√≥riaarrepiante,real,fatos,talassofobia",Outro
palavrasensata,461500,55,283,"D√™ valor pra quem est√° ao seu lado, pois esta pessoa escolheu estar, n√£o foi obrigada ! #relacionamento #d√™valor #amor #casal #namoro #casamento #vidaadois #dicasderelacionamento #pararefletir #reflex√£o #conselhos #psicologia ",https://www.tiktok.com/@palavrasensata/video/7290572632062315781,301500,2799,179600,7500000,"relacionamento,d√™valor,amor,casal,namoro,casamento,vidaadois,dicasderelacionamento,pararefletir,reflex√£o,conselhos,psicologia","relacionamento,d√™valor,amor,casal,namoro,casamento,vidaadois,dicasderelacionamento,pararefletir,reflex√£o,conselhos,psicologia",Outro
morebible,1300000,556,815,üö®IMPOSSIÃÅVEL NAÃÉO CHORAR COM ESSE TESTEMUNHO!üò≠ #testemunho #igreja #milagre #crentenotiktok #videoviral ,https://www.tiktok.com/@morebible/video/7290927244485119238,133300,7320,37800,2100000,"testemunho,igreja,milagre,crentenotiktok,videoviral","testemunho,igreja,milagre,crentenotiktok,videoviral",Religi√£o
nutrivida.mn,49900,1812,79,Beneficios louro. #emagrecer #saude #fy #fyp ,https://www.tiktok.com/@nutrivida.mn/video/7285479976315391238,34700,938,17700,1300000,"emagrecer,saude,fy,fyp","emagrecer,saude,fy,fyp",Fitness
miahistorinhas,105200,561,313,pai manda carta para o filho na cadeia #audiosengra√ßados #historiasengracadas #videosengracados ,https://www.tiktok.com/@miahistorinhas/video/7291130291161189637,237300,2883,27600,12300000,"audiosengra√ßados,historiasengracadas,videosengracados","audiosengra√ßados,historiasengracadas,videosengracados",Religi√£o
mysword00,499500,4,262,"""Batismo no √¥nibus"" Pr. Ab√≠lio Santana #pregacao #prega√ß√£o #crentenotiktok #motivacional #disciplina",https://www.tiktok.com/@mysword00/video/7281718896149712133,124500,267,730,720000,"pregacao,prega√ß√£o,crentenotiktok,motivacional,disciplina","pregacao,prega√ß√£o,crentenotiktok,motivacional,disciplina",Religi√£o
plataobh,94300,77,183,esse depoimento do Rafael ficou na hist√≥ria. #crimes #depoimentos #historiastristes #depoimento #jornal #advogado #advogados ,https://www.tiktok.com/@plataobh/video/7289066621979741445,281000,3246,4561,10600000,"crimes,depoimentos,historiastristes,depoimento,jornal,advogado,advogados","crimes,depoimentos,historiastristes,depoimento,jornal,advogado,advogados",Viagem
lygospel_,1300000,881,479,A Deus eu entreguei üôè‚ù§Ô∏è‚Äçüî• #status #hino #musicagospel #louvor ,https://www.tiktok.com/@lygospel_/video/7290343416871800070,312500,1594,46000,4900000,"status,hino,musicagospel,louvor","status,hino,musicagospel,louvor",Arte
movies5881,277600,904,392,#movie #foryou #movies #fyp #moviesclips #clips #moviescene ,https://www.tiktok.com/@movies5881/video/7299455129311350022,116900,378,378,2500000,"movie,foryou,movies,fyp,moviesclips,clips,moviescene","movie,foryou,movies,fyp,moviesclips,clips,moviescene",Outro
0blogueirinhodecaf,172800,9604,510,S√≥ quem √© do interior vai entender kkk #oblogueirinhodecaf #humor #humornordestino #memestiktok ,https://www.tiktok.com/@0blogueirinhodecaf/video/7278432979708415237,199700,4046,8667,4800000,"oblogueirinhodecaf,humor,humornordestino,memestiktok","oblogueirinhodecaf,humor,humornordestino,memestiktok",Com√©dia
cortes_de_tudo1,182900,2889,307,#cuidado#trombadagua #cachoeira #natureza #acamoamento #fy #foryou #pravoce ,https://www.tiktok.com/@cortes_de_tudo1/video/7271654011210583302,880300,8153,41700,19700000,"cuidado,trombadagua,cachoeira,natureza,acamoamento,fy,foryou,pravoce","cuidado,trombadagua,cachoeira,natureza,acamoamento,fy,foryou,pravoce",Viagem
emersonvilela_,921200,4643,366,O QUE ACHARAM DESSA GAMBIARRA? üòÇ #gambiarra #agoraanasavem #caipira #roceiro #umcaipiranopedaco #viral #fy ,https://www.tiktok.com/@emersonvilela_/video/7298868064660032773,389000,1345,57800,14600000,"gambiarra,agoraanasavem,caipira,roceiro,umcaipiranopedaco,viral,fy","gambiarra,agoraanasavem,caipira,roceiro,umcaipiranopedaco,viral,fy",Religi√£o
larihouseasmr,816600,2571,344,Ela literalmente lavou o cabelo da amiga dela kkkkkkkkkk üöø #aquelaamiga #cabelooleoso #asmr #pov #povs #povsbr #humor #asmrsatisfying ,https://www.tiktok.com/@larihouseasmr/video/7300362112684084485,123500,387,233,1500000,"aquelaamiga,cabelooleoso,asmr,pov,povs,povsbr,humor,asmrsatisfying","aquelaamiga,cabelooleoso,asmr,POV,povs,povsbr,humor,asmrsatisfying",Com√©dia
cortespodcastsul,377000,1998,349,PASTOR LAMARTINE POSELLA EXPLICA POR QUE DEUS CRIOU LUCIFER üò≥ #pastorlamartineposella #lamartineposellacortes #anjosdedeus #lucifer #brasilcristao #cristaoedificante #palavradedeus ,https://www.tiktok.com/@cortespodcastsul/video/7291800621093555462,71500,1718,4437,1100000,"pastorlamartineposella,lamartineposellacortes,anjosdedeus,lucifer,brasilcristao,cristaoedificante,palavradedeus","pastorlamartineposella,lamartineposellacortes,anjosdedeus,lucifer,brasilcristao,cristaoedificante,palavradedeus",Arte
soujottape,17800,67100,109,#escolapublica #foryourpage ,https://www.tiktok.com/@soujottape/video/7297023656977370373,371500,3638,4139,4000000,"escolapublica,foryourpage","escolapublica,foryourpage",Religi√£o
jesselmanriquez,67400,7430,122,El tinguiritinguis se salio de control üòÇ‚ô•Ô∏è #tinguiriringui #yorkshire #puppy #humortiktok #fyp ,https://www.tiktok.com/@jesselmanriquez/video/7283205719371959557,1600000,15000,95700,39100000,"tinguiriringui,yorkshire,puppy,humortiktok,fyp","tinguiriringui,yorkshire,puppy,humortiktok,fyp",Com√©dia
receitasdo_tio,1900000,142,406,T√° calor na sua cidade? Fa√ßa esses deliciosos sorvetes com apenas 5 reais.  #foryou ,https://www.tiktok.com/@receitasdo_tio/video/7281297587204934917,254500,2917,60300,10000000,foryou,foryou,Outro
gabrielrickam,559900,5009,1717,Pastor Pentecostal Fazendo Uber #pegadinha #pegadinhas #pegadinhasbrasil #pegadinhasengra√ßadas #pegadinhastiktok #üòÇ #üòÇüòÇ #üòÇüòÇüòÇ ,https://www.tiktok.com/@gabrielrickam/video/7290972440836967686,498700,13800,105800,12100000,"pegadinha,pegadinhas,pegadinhasbrasil,pegadinhasengra√ßadas,pegadinhastiktok,üòÇ,üòÇüòÇ,üòÇüòÇüòÇ","pegadinha,pegadinhas,pegadinhasbrasil,pegadinhasengra√ßadas,pegadinhastiktok,üòÇ,üòÇüòÇ,üòÇüòÇüòÇ",Religi√£o
cortes.mansao.maromba.tg,180700,573,505,Triste ne ? #toguro #toguroofcial #mansaomaromba ,https://www.tiktok.com/@cortes.mansao.maromba.tg/video/7282089569485344005,584100,11600,19100,11300000,"toguro,toguroofcial,mansaomaromba","toguro,toguroofcial,mansaomaromba",Viagem
saudavelmentexp,193200,97,255,Os benef√≠cios de dormir com est√¥mago vazioüò¥. . . #cuidadoscomasaude #julioluchmann  #cuidadoscomosono #vidasaudavel  #sono #dormir #jejumintermitente  . . Cr√©ditos: Dr Julio Luchmann ,https://www.tiktok.com/@saudavelmentexp/video/7285685946371050757,391200,4352,105100,7000000,"cuidadoscomasaude,julioluchmann,cuidadoscomosono,vidasaudavel,sono,dormir,jejumintermitente","cuidadoscomasaude,julioluchmann,cuidadoscomosono,vidasaudavel,sono,dormir,jejumintermitente",Fitness
brunalohaiine2,794500,2774,77,QUANDO ELE CHEGA SEM AVISAR #asmr #asmrsounds #asmrvideo ,https://www.tiktok.com/@brunalohaiine2/video/7290692786364353798,610600,2609,1998,16500000,"asmr,asmrsounds,asmrvideo","asmr,asmrsounds,asmrvideo",Outro
provavivaquedeusexiste,733800,1628,1186,FINAL DESSE GRANDE TESTEMUNHO DE SUPERA√á√ÉO üëèüëè testemunho completo no canal do YouTube maquir podcast vai l√° e se increva no canal DEUS ABEN√áOE #testemunhoimpactante #testemunhoforte #provavivaquedeusexiste #tiktok #veja #fortes #maquirpodcast #CapCut ,https://www.tiktok.com/@provavivaquedeusexiste/video/7285910484413336838,180300,1169,4980,3600000,"testemunhoimpactante,testemunhoforte,provavivaquedeusexiste,tiktok,veja,fortes,maquirpodcast,capcut","testemunhoimpactante,testemunhoforte,provavivaquedeusexiste,tiktok,veja,fortes,maquirpodcast,CapCut",Religi√£o
lygospel_,1300000,881,479,Acalma o meu cora√ß√£o üò≠üôè #status #louvor #gospel #musicagospel #hino ,https://www.tiktok.com/@lygospel_/video/7273305944254156038,1200000,4418,129700,12700000,"status,louvor,gospel,musicagospel,hino","status,louvor,gospel,musicagospel,hino",Arte
casamentoajudando,1000000,3,135,Milion√°rio d√° moto a jovem entregador por seu grande cora√ß√£o üò≠ Sua hist√≥ria nos fez chorar . PARTE 1 #milionario #experimentosocial #amoraoproximo #viral #ajudar ,https://www.tiktok.com/@casamentoajudando/video/7293299290468781318,116500,1614,2145,6200000,"milionario,experimentosocial,amoraoproximo,viral,ajudar","milionario,experimentosocial,amoraoproximo,viral,ajudar",Religi√£o
origemprospera,326400,449,379,Milion√°ria Como Afiliada | Brubusiness #bruaraujo #brubusiness #podcast #origemprospera #marketingdigital,https://www.tiktok.com/@origemprospera/video/7268790913143491846,37400,440,3402,386200,"bruaraujo,brubusiness,podcast,origemprospera,marketingdigital","bruaraujo,brubusiness,podcast,origemprospera,marketingdigital",Viagem
0blogueirinhodecaf,172800,9604,510,"Quando eu tirar minha habilita√ß√£o n√£o direi nada, mas haver√° sinais !! #memestiktok #habilita√ß√£o #ralydossert√µes #oblogueirinhodecaf #humor ",https://www.tiktok.com/@0blogueirinhodecaf/video/7294742627080097030,157300,1550,18100,4500000,"memestiktok,habilita√ß√£o,ralydossert√µes,oblogueirinhodecaf,humor","memestiktok,habilita√ß√£o,ralydossert√µes,oblogueirinhodecaf,humor",Com√©dia
mickawata96,12000,295,46,S√©rgio explica porqu√™ √© ateu #sergiosacani #astronomia #ateismo  #podpah #cortespodcast ,https://www.tiktok.com/@mickawata96/video/7288693625284824326,15300,3183,1844,2200000,"sergiosacani,astronomia,ateismo,podpah,cortespodcast","sergiosacani,astronomia,ateismo,podpah,cortespodcast",Outro
pregacoessandraalves,917200,1395,304,O c√©u responde com sua Gl√≥ria #aceitaquedoimenos #testemunhoforte #vingan√ßademulher #avingan√ßanunca√©plena #sejasabio #sabedoriadevida #sabedoriadivina #pregacoessandraalves ,https://www.tiktok.com/@pregacoessandraalves/video/7299229774260505861,169200,2841,16100,1700000,"aceitaquedoimenos,testemunhoforte,vingan√ßademulher,avingan√ßanunca√©plena,sejasabio,sabedoriadevida,sabedoriadivina,pregacoessandraalves","aceitaquedoimenos,testemunhoforte,vingan√ßademulher,avingan√ßanunca√©plena,sejasabio,sabedoriadevida,sabedoriadivina,pregacoessandraalves",Moda
papoviral,216100,335,312,Quanto √© 5+5x5? #desafio #quantoe #brincadeira #multiplicacao #entrevista #matematica #viral #desafiotiktok #desafiotiktokbr ,https://www.tiktok.com/@papoviral/video/7284723472138456326,125900,17800,3817,11300000,"desafio,quantoe,brincadeira,multiplicacao,entrevista,matematica,viral,desafiotiktok,desafiotiktokbr","desafio,quantoe,brincadeira,multiplicacao,entrevista,matematica,viral,desafiotiktok,desafiotiktokbr",Religi√£o
vikbarbossss,31300,167,32,Como viralizar no TikT0k para fazer mais vendas #viralizar #venderonline ,https://www.tiktok.com/@vikbarbossss/video/7279158292914457861,17900,280,2469,337700,"viralizar,venderonline","viralizar,venderonline",Outro
cinecutstv,22400,23,37,[Part 1] Gigantes de a√ßo! #gigantesdeaco #film #cortesfilmes #corte #filmesnetflix #fyp„Ç∑ #viral_video ,https://www.tiktok.com/@cinecutstv/video/7292809054022356229,429000,877,701,4800000,"gigantesdeaco,film,cortesfilmes,corte,filmesnetflix,fyp„Ç∑,viral_video","gigantesdeaco,film,cortesfilmes,corte,filmesnetflix,fyp„Ç∑,viral_video",Outro
filhosdaluz_23,23300,4,68,#lamartineposella #podcast #cristao #apocalypse #inteligencialtda #jesus #curiosidades ,https://www.tiktok.com/@filhosdaluz_23/video/7285346656281824518,33300,537,1677,1100000,"lamartineposella,podcast,cristao,apocalypse,inteligencialtda,jesus,curiosidades","lamartineposella,podcast,cristao,apocalypse,inteligencialtda,jesus,curiosidades",Arte
thauany_diane,3654,14100,344,#CapCut ,https://www.tiktok.com/@thauany_diane/video/7273569044366707973,20100,1234,2067,191900,capcut,CapCut,Outro
magothx,286800,4341,346,Muito Bom üòÇ || ib üëÜüèº || #freefire #freefire_lover #free_fire #freefirethofficial #gaby‚ù§Ô∏èmagoth ,https://www.tiktok.com/@magothx/video/7296960600138059014,13900,168,258,227600,"freefire,freefire_lover,free_fire,freefirethofficial,gaby‚ù§Ô∏èmagoth","freefire,freefire_lover,free_fire,freefirethofficial,gaby‚ù§Ô∏èmagoth",Fitness
dra_lara,26200,285,140,Receita natural para clarear os dentes. #dicas #alimentos #bemestar #saude #alimenta√ß√£o #alimentacaosaudavel #remediosnaturais #receita #dentes ,https://www.tiktok.com/@dra_lara/video/7284761697452051717,52000,2980,68100,4800000,"dicas,alimentos,bemestar,saude,alimenta√ß√£o,alimentacaosaudavel,remediosnaturais,receita,dentes","dicas,alimentos,bemestar,saude,alimenta√ß√£o,alimentacaosaudavel,remediosnaturais,receita,dentes",Religi√£o
emerson.resolve,758200,868,2039,Pode escolher tudo que quiser no mercado de gra√ßa ü•π#motivacional #ajudeoproximo #deus #inspiracao ,https://www.tiktok.com/@emerson.resolve/video/7299104312716758278,703300,12300,2755,5900000,"motivacional,ajudeoproximo,deus,inspiracao","motivacional,ajudeoproximo,deus,inspiracao",Religi√£o
st4r_songs_,19200,29600,21,A morte do Vaqueiro-Luiz Gonzaga #capcut #fy #vaiprofycaramba #viralvideo #viral #zyxcba #miih_y0 ,https://www.tiktok.com/@st4r_songs_/video/7269975791721581830,483800,3751,14600,3500000,"capcut,fy,vaiprofycaramba,viralvideo,viral,zyxcba,miih_y0","CapCut,fy,vaiprofycaramba,viralvideo,viral,zyxcba,miih_y0",Outro
tipografia_1999_,1400000,29400,1527,#trechos ,https://www.tiktok.com/@tipografia_1999_/video/7300551294224305413,181200,837,15000,2000000,trechos,trechos,Outro
storydaray,688700,730,737,#rayssabuq #casamento #cristao #crente #div√≥rcio ,https://www.tiktok.com/@storydaray/video/7298488145438412038,386800,2587,5851,2700000,"rayssabuq,casamento,cristao,crente,div√≥rcio","rayssabuq,casamento,cristao,crente,div√≥rcio",Outro
mentes_brilhantes2,1800000,2957,451,As pessoas n√£o passam de simples m√°scaras #fyp #motivacao #reflex√£o #amor #motivacional #relacionamento #filosofia #psicologia ,https://www.tiktok.com/@mentes_brilhantes2/video/7284390137683840262,207100,1333,55600,4500000,"fyp,motivacao,reflex√£o,amor,motivacional,relacionamento,filosofia,psicologia","fyp,motivacao,reflex√£o,amor,motivacional,relacionamento,filosofia,psicologia",Outro
dudadoplay,305700,12200,86,#debochada ,https://www.tiktok.com/@dudadoplay/video/7275851372619140358,364800,1030,559,4100000,debochada,debochada,Outro
motivacaonowofc,1200000,439,339,Se voc√™ quer uma recompensa de Deus fa√ßa seu esfor√ßo. #motivacaonow #videomotivacional #motivacao #reflex√£o ,https://www.tiktok.com/@motivacaonowofc/video/7292928085735853318,168300,3633,74800,3200000,"motivacaonow,videomotivacional,motivacao,reflex√£o","motivacaonow,videomotivacional,motivacao,reflex√£o",Outro
_fatoscuriosos_ofc,164900,166,228,Nosso tempo est√° acabando! ib @Prih Marvila  #apocalipse #fimdomundo #fimdostempos #teoriasdaconspira√ß√£o #israel #bizarro #misterio #misteriosonotiktok #fatoscuriosos #fy ,https://www.tiktok.com/@_fatoscuriosos_ofc/video/7288863186751687942,141500,2314,41600,2600000,"apocalipse,fimdomundo,fimdostempos,teoriasdaconspira√ß√£o,israel,bizarro,misterio,misteriosonotiktok,fatoscuriosos,fy","apocalipse,fimdomundo,fimdostempos,teoriasdaconspira√ß√£o,israel,bizarro,misterio,misteriosonotiktok,fatoscuriosos,fy",Viagem
morebible,1300000,556,815,"üö®CUIDADO, ESSE VIÃÅDEO CONTEÃÅM UMA CHUVA DE VERDADES!üò≥ #igreja #pregacao #pastor #crentenotiktok #videoviral ",https://www.tiktok.com/@morebible/video/7299964491209526534,72300,1448,6930,652900,"igreja,pregacao,pastor,crentenotiktok,videoviral","igreja,pregacao,pastor,crentenotiktok,videoviral",Religi√£o
rub._.lluiza,9851,3215,2,#ursinho #fyp ,https://www.tiktok.com/@rub._.lluiza/video/7299447871651204357,1300000,8901,20000,7900000,"ursinho,fyp","ursinho,fyp",Outro
cassiofelixoficial,66500,6459,189,üòÇü§∑üèª‚Äç‚ôÇÔ∏è#jesuslovesyou #fycristao #aperseguicaonaoparouaigreja ,https://www.tiktok.com/@cassiofelixoficial/video/7286815471419067653,313600,2062,2826,2000000,"jesuslovesyou,fycristao,aperseguicaonaoparouaigreja","jesuslovesyou,fycristao,aperseguicaonaoparouaigreja",Religi√£o
cenas.de.valor,151800,172,105,Filme: O menino do Pijama Listrado üé¨ . #filmeomeninodopijamalistrado #omeninodopijamalistrado #omeninodopijamalistradoedit #filmeseseries #judeus #cenasdevalor ,https://www.tiktok.com/@cenas.de.valor/video/7275447007110581509,171000,1668,639,2100000,"filmeomeninodopijamalistrado,omeninodopijamalistrado,omeninodopijamalistradoedit,filmeseseries,judeus,cenasdevalor","filmeomeninodopijamalistrado,omeninodopijamalistrado,omeninodopijamalistradoedit,filmeseseries,judeus,cenasdevalor",Religi√£o
iasmyneperdigao,452300,8689,619,"TORTA DE UVA VERDE COM LEITE NINHO Receita super f√°cil pra ado√ßar sua vida e da sua fam√≠lia no final de semana! Me conta nos coment√°rios o que achou? Ingredientes  Base: - 2 pacotes de Negresco sem recheio  - 70g de manteiga derretida Recheio: - 1 lata de leite condensado  - 2 caixinhas de creme de leite - 150g de leite em p√≥ - 2 colheres de manteiga obs.: pode usar o recheio do negresco se for o tradicional  Preparo da base: triture o biscoito, misture com a manteiga derretida e forre uma forma de fundo remov√≠vel. Leve pra GELADEIRA por 30 minutos para firmar.  Preparo do recheio: em uma panela misture todos os ingredientes e leve ao fogo m√©dio at√© come√ßar a ver o fundo da panela. Deixe esfriar completamente e fa√ßa a montagem alternando creme e uva. Finalize com leite em p√≥ e uvas. Leve para a geladeira por umas 2 horas e sirva como preferir :) #torta ",https://www.tiktok.com/@iasmyneperdigao/video/7271653174308523270,335800,1277,16400,3900000,torta,torta,Outro
oficialvitoriasouza,2000000,14,240,Deu certo ! #vitoriasouza #forte #amor‚ù§Ô∏è #palavradedeus #ajuda #deus ,https://www.tiktok.com/@oficialvitoriasouza/video/7299845429368261893,134800,2068,47300,2200000,"vitoriasouza,forte,amor‚ù§Ô∏è,palavradedeus,ajuda,deus","vitoriasouza,forte,amor‚ù§Ô∏è,palavradedeus,ajuda,deus",Religi√£o
misterio.biblia,238800,8,89,Quem √© o Leviat√£ que a B√≠blia menciona? Curiosidades B√≠blicas  #biblia #curiosidadesbiblicas #leviata #serpente ,https://www.tiktok.com/@misterio.biblia/video/7271763268371467526,168300,1640,3245,2200000,"biblia,curiosidadesbiblicas,leviata,serpente","biblia,curiosidadesbiblicas,leviata,serpente",Religi√£o
institutolula,1400000,843,772,"Quem planta, colhe ‚ù§Ô∏è #Lula #presidente #natureza ",https://www.tiktok.com/@institutolula/video/7276483234634943749,90400,11900,10400,2600000,"lula,presidente,natureza","lula,presidente,natureza",Viagem
confusao_obra,124900,8219,1369,Pecina feita com caixa d‚Äô√°gua #pedreiro #obra #picina #caixadagua ,https://www.tiktok.com/@confusao_obra/video/7282462887539379461,877200,7352,8559,18100000,"pedreiro,obra,picina,caixadagua","pedreiro,obra,picina,caixadagua",Outro
prf.fronteita,83600,367,58,#prfbrasil #viral #operacaopolicial #operacaofronteirabrasil #polic ,https://www.tiktok.com/@prf.fronteita/video/7281703994777423110,94200,443,726,4100000,"prfbrasil,viral,operacaopolicial,operacaofronteirabrasil,polic","prfbrasil,viral,operacaopolicial,operacaofronteirabrasil,polic",Moda
status_tops1,401400,5852,320,Silvano Salles üé∂_ mentes t√£o bem ‚ù§Ô∏è‚Äçü©πü•∫üé∂ #musicasparastatus #arrocha #silvanosalles #status #viral ,https://www.tiktok.com/@status_tops1/video/7289497520143633669,65600,259,6428,887100,"musicasparastatus,arrocha,silvanosalles,status,viral","musicasparastatus,arrocha,silvanosalles,status,viral",Arte
victor041oficial,867300,5004,388,Iphone ou Android? üì±#celular #iphone #android #apple #viralvideo ,https://www.tiktok.com/@victor041oficial/video/7296603128168811782,404100,3209,398,5000000,"celular,iphone,android,apple,viralvideo","celular,iphone,android,apple,viralvideo",Outro
vivaoagro2.0,202000,96,269,A responder a @vivaoagro2.0 CASOS REAIS DE HUMANOS CRIADOS POR ANIMAIS #tarzanreal #fantastico #domingoespetacular #animaisselvagens #animalselvagem #GLOBOREPORTER #selvaamazonica #selva #homemprimitivo ,https://www.tiktok.com/@vivaoagro2.0/video/7292363134231153926,84400,592,2243,2700000,"tarzanreal,fantastico,domingoespetacular,animaisselvagens,animalselvagem,globoreporter,selvaamazonica,selva,homemprimitivo","tarzanreal,fantastico,domingoespetacular,animaisselvagens,animalselvagem,globoreporter,selvaamazonica,selva,homemprimitivo",Outro
professoralorenna,63800,1192,69,Corrigindo prova de portugu√™s #asmr #corrigindoprova #corrigindoprovas #dandocerto #corrigindo #professora #TokDoEnem #fy #foryou ,https://www.tiktok.com/@professoralorenna/video/7298129566558702854,307800,5841,2518,8400000,"asmr,corrigindoprova,corrigindoprovas,dandocerto,corrigindo,professora,tokdoenem,fy,foryou","asmr,corrigindoprova,corrigindoprovas,dandocerto,corrigindo,professora,tokdoenem,fy,foryou",Religi√£o
morebible,1300000,556,815,üö®CHEGAMOS A UM N√çVEL DE APOSTASIA!üòì #priscillaalcantara #igreja #cristao #crentenotiktok #videoviral ,https://www.tiktok.com/@morebible/video/7267974378241985798,250800,10500,6348,5400000,"priscillaalcantara,igreja,cristao,crentenotiktok,videoviral","priscillaalcantara,igreja,cristao,crentenotiktok,videoviral",Religi√£o
klebersouza6,947700,618,400,Nunca ignore essa bolinha! #dicas #celular #whatsapp #aprendanotiktok #utilidadepublica ,https://www.tiktok.com/@klebersouza6/video/7285094767069859078,35500,481,18300,4700000,"dicas,celular,whatsapp,aprendanotiktok,utilidadepublica","dicas,celular,whatsapp,aprendanotiktok,utilidadepublica",Religi√£o
casal_pedroepedrita,461800,6916,754,#casal_pedroepedrita  #reels #fyp„Ç∑„Çöviralüñ§ #pravoce #pravoc√™ #bomdiaaben√ßoado #semanaaben√ßoada #segundou #segundafeira #amor #frasesinspiradoras #palavras #bomdia #bomdiaüåû #abencoados #feliz #papagaioverdadeiro #papagaiosabido #papagaio #papagaios #dosedeamor #felicidade #amo #love ,https://www.tiktok.com/@casal_pedroepedrita/video/7274905323754900742,90000,1390,31500,3100000,"casal_pedroepedrita,reels,fyp„Ç∑„Çöviralüñ§,pravoce,pravoc√™,bomdiaaben√ßoado,semanaaben√ßoada,segundou,segundafeira,amor,frasesinspiradoras,palavras,bomdia,bomdiaüåû,abencoados,feliz,papagaioverdadeiro,papagaiosabido,papagaio,papagaios,dosedeamor,felicidade,amo,love","casal_pedroepedrita,reels,fyp„Ç∑„Çöviralüñ§,pravoce,pravoc√™,bomdiaaben√ßoado,semanaaben√ßoada,segundou,segundafeira,amor,frasesinspiradoras,palavras,bomdia,bomdiaüåû,abencoados,feliz,papagaioverdadeiro,papagaiosabido,papagaio,papagaios,dosedeamor,felicidade,amo,love",Religi√£o
cortes.corinthians,73000,36,256,#vaicorinthians‚ö™‚ö´ü¶Ö #corinthians #sccp1910 ,https://www.tiktok.com/@cortes.corinthians/video/7271426795008838917,34300,240,6017,505900,"vaicorinthians‚ö™‚ö´ü¶Ö,corinthians,sccp1910","vaicorinthians‚ö™‚ö´ü¶Ö,corinthians,sccp1910",Outro
pregacoessandraalves,917200,1395,304,#sandraalvesprega√ß√£o #pregacoessandraalves #ansiedadenaoebrincadeira #preocupacaoexcessiva #oamanharsoadeuspertece #crisesdeansiedade ,https://www.tiktok.com/@pregacoessandraalves/video/7281798083829189893,172300,2549,34900,3000000,"sandraalvesprega√ß√£o,pregacoessandraalves,ansiedadenaoebrincadeira,preocupacaoexcessiva,oamanharsoadeuspertece,crisesdeansiedade","sandraalvesprega√ß√£o,pregacoessandraalves,ansiedadenaoebrincadeira,preocupacaoexcessiva,oamanharsoadeuspertece,crisesdeansiedade",Religi√£o
aguia_visionaria,757100,280,128,SGT Salazar √© o melhorü§£‚ò†Ô∏è #salazar #sgtsalazar #abordagem #policial ,https://www.tiktok.com/@aguia_visionaria/video/7297616434937482501,67500,281,612,606700,"salazar,sgtsalazar,abordagem,policial","salazar,sgtsalazar,abordagem,policial",Outro
alesonaguiar3,162000,1374,392,LIMPEI DE GRA√áA #viral #obra #tiktok ,https://www.tiktok.com/@alesonaguiar3/video/7300162965200784645,107400,1070,354,2500000,"viral,obra,tiktok","viral,obra,tiktok",Outro
manoelreiis,61600,166,75,Nomes b√≠blicos raros que s√£o lindos demais üôè‚ù§Ô∏è #nomesparameninas #nomesraros #nomescurtos #nomesparabebe #nomeschiques #nomesbiblicos #bebes ,https://www.tiktok.com/@manoelreiis/video/7294741819487816965,247600,1968,55100,8100000,"nomesparameninas,nomesraros,nomescurtos,nomesparabebe,nomeschiques,nomesbiblicos,bebes","nomesparameninas,nomesraros,nomescurtos,nomesparabebe,nomeschiques,nomesbiblicos,bebes",Religi√£o
itisraissa,810200,68500,644,eu tomar no tacaca // dc do best @Filipe Rodrigues #TokDoEnem #fyp„Ç∑ #foryou #fyp„Ç∑ ,https://www.tiktok.com/@itisraissa/video/7298752747891952902,322800,738,1376,3400000,"tokdoenem,fyp„Ç∑,foryou,fyp„Ç∑","tokdoenem,fyp„Ç∑,foryou",Outro
receitassdevo,1500000,167,91,"Respondendo a @espacomay20 A Palha Italiana Recheada √© a referida aqui em casa üè° ‚ù§Ô∏è  J√° aproveita e segue meu perfil, porque receitas de v√≥ nunca tem erro e s√£o sempre as mais deliciosas ü•∞‚ù§Ô∏è @oreo.brasil  #oreo #palhaitalianadeoreo #palhaitalianadeleiteninho #palhaitaliana #sobremesadeoreo #sobremesafacil #sobremesarapidaefacil #receitassimplesefaceis #docesfaceis #oreobrasil  ""Este √© o dia em que o Senhor agiu; alegremo-nos e exultemos neste dia."" Salmos 118:24",https://www.tiktok.com/@receitassdevo/video/7268654230121237765,1500000,9242,67900,13600000,"oreo,palhaitalianadeoreo,palhaitalianadeleiteninho,palhaitaliana,sobremesadeoreo,sobremesafacil,sobremesarapidaefacil,receitassimplesefaceis,docesfaceis,oreobrasil","oreo,palhaitalianadeoreo,palhaitalianadeleiteninho,palhaitaliana,sobremesadeoreo,sobremesafacil,sobremesarapidaefacil,receitassimplesefaceis,docesfaceis,oreobrasil",Moda
umpregador_,173700,216,60,QUE ISSO PASTOR üò≥ #pregacao #pentecostalraiz #edit #pregador ,https://www.tiktok.com/@umpregador_/video/7286404446714694917,265500,1418,7568,1800000,"pregacao,pentecostalraiz,edit,pregador","pregacao,pentecostalraiz,edit,pregador",Religi√£o
pstrclaudioduartefc,202400,1,32,Crente pode beber Cerveja? üç∫ #pastorclaudioduarteoficial #pregacaoevangelica #reflex√£o #pastorclaudioduarte #claudioduarteoficial #crente #crentenotiktok ,https://www.tiktok.com/@pstrclaudioduartefc/video/7268317742346947846,582400,5000,77100,14300000,"pastorclaudioduarteoficial,pregacaoevangelica,reflex√£o,pastorclaudioduarte,claudioduarteoficial,crente,crentenotiktok","pastorclaudioduarteoficial,pregacaoevangelica,reflex√£o,pastorclaudioduarte,claudioduarteoficial,crente,crentenotiktok",Arte
akakeme,13400,6653,27,Ainda bem que sei ler hier√≥glifos üíÅ#fyp #capcut #euvoutomarumtacaca #fyp„Ç∑ ,https://www.tiktok.com/@akakeme/video/7289828960215780613,432200,4833,30200,5500000,"fyp,capcut,euvoutomarumtacaca,fyp„Ç∑","fyp,CapCut,euvoutomarumtacaca,fyp„Ç∑",Viagem
noticia.policia,668700,210,115,Her√≥i ou vil√£o?üòï #policia #police #policiamilitar #pm #sigma #futuropolicial ,https://www.tiktok.com/@noticia.policia/video/7289562120704822533,58300,923,341,841200,"policia,police,policiamilitar,pm,sigma,futuropolicial","policia,police,policiamilitar,pm,sigma,futuropolicial",Outro
rosyaventura,335400,1689,330,Parte 2 | #foryou #paravoce #terror #paranormal #investiga√ß√£osobrenatural #spiritbox #rosyaventura ,https://www.tiktok.com/@rosyaventura/video/7290187840791612678,34900,397,781,1800000,"foryou,paravoce,terror,paranormal,investiga√ß√£osobrenatural,spiritbox,rosyaventura","foryou,paravoce,terror,paranormal,investiga√ß√£osobrenatural,spiritbox,rosyaventura",Viagem
euindicomed,96200,6310,457,Fa√ßa como os outros brasileiros Aproveite essa oportunidade de realizar o seu sonho de fazer medicina  O link do meu whats esta na descricao do meu perfil e acesse a nossa rede vizinha @euindicomedumax  #viral #foryou #medicina #medicinanoparaguai #medicinanoexterior #umax #ucp #argentina ,https://www.tiktok.com/@euindicomed/video/7278298761535720710,35800,538,9850,1400000,"viral,foryou,medicina,medicinanoparaguai,medicinanoexterior,umax,ucp,argentina","viral,foryou,medicina,medicinanoparaguai,medicinanoexterior,umax,ucp,argentina",Religi√£o
miusic_gt,1000000,8103,61,#noestoyllorando #elamordemivida #grupofirme #grupofrontera #rolita #fyp„Ç∑„Çöviral ,https://www.tiktok.com/@miusic_gt/video/7272907417510268166,2100000,1712,105500,29500000,"noestoyllorando,elamordemivida,grupofirme,grupofrontera,rolita,fyp„Ç∑„Çöviral",,Outro
oracao.prosperidade,110800,0,53,#jesus #deus #palavradedeus #gospel ,https://www.tiktok.com/@oracao.prosperidade/video/7286110729604730117,129400,13500,11500,1400000,"jesus,deus,palavradedeus,gospel","jesus,deus,palavradedeus,gospel",Religi√£o
sociedade.visionaria,125700,3,89,Aprenda com ele üé¨ Cr√©ditos: Ricardo Tunchel #motivacional #sucesso #mentalidade #reflex√£o ,https://www.tiktok.com/@sociedade.visionaria/video/7288445185502072070,667300,6901,69300,12400000,"motivacional,sucesso,mentalidade,reflex√£o","motivacional,sucesso,mentalidade,reflex√£o",Outro
tecnogeek.oficial,294800,63500,117,Piores Celulares de Cada Marca ü§£üëéüèΩ . Esses s√£o os piores celulares que cada marca de celular ja fez aqui no Brasil. Eles n√£o s√£o os melhores celulares para comprar porque o desempenho n√£o √© bom. Segue a dica do Techno Geek de n√£o comprar esses celulares porque eles travam. #celular #celulares #tecnologia #celulares2023 #tecnogeek #smartphone #lg #samsung #motorola #review #curiosidades #techtokbrazil ,https://www.tiktok.com/@tecnogeek.oficial/video/7277194965308968198,167400,3235,1632,4300000,"celular,celulares,tecnologia,celulares2023,tecnogeek,smartphone,lg,samsung,motorola,review,curiosidades,techtokbrazil","celular,celulares,tecnologia,celulares2023,tecnogeek,smartphone,lg,samsung,motorola,review,curiosidades,techtokbrazil",Arte
casamentoajudando,1000000,3,135,Milion√°rio d√° bolo de dinheiro para madrasta com um enorme cora√ß√£o üò≠ #milionario #experimentosocial #amoraoproximo #viral #ajudar ,https://www.tiktok.com/@casamentoajudando/video/7278754528663506182,347400,2851,4060,14100000,"milionario,experimentosocial,amoraoproximo,viral,ajudar","milionario,experimentosocial,amoraoproximo,viral,ajudar",Religi√£o
receitassdevo,1500000,167,91,"Bolinha de queijo com apenas 4 ingredientes, f√°cil, r√°pida, e n√£o estoura quando frita! J√° aproveita e segue meu perfil, porque receitas de v√≥ nunca tem erro e s√£o sempre as mais deliciosas ü•∞‚ù§Ô∏è #bolinhadequeijo #bolinhadequeijoüßÄüòç #bolinhadequeijode4ingredientes #lanche #petiscosemcasa #receitasdevo ",https://www.tiktok.com/@receitassdevo/video/7269833896152272134,1200000,5667,120300,15500000,"bolinhadequeijo,bolinhadequeijoüßÄüòç,bolinhadequeijode4ingredientes,lanche,petiscosemcasa,receitasdevo","bolinhadequeijo,bolinhadequeijoüßÄüòç,bolinhadequeijode4ingredientes,lanche,petiscosemcasa,receitasdevo",Outro
pregacoes_iptm,370700,648,342,#leonardosales #profetaleonardosales #palavradedeus #catedraliptm #iptm #iptmmadureira #Deus #poderdedeus #milagre #cura #vida #crentes #evangelicos #deusdoimpossivel ,https://www.tiktok.com/@pregacoes_iptm/video/7275485848362110213,1100000,9742,18500,13200000,"leonardosales,profetaleonardosales,palavradedeus,catedraliptm,iptm,iptmmadureira,deus,poderdedeus,milagre,cura,vida,crentes,evangelicos,deusdoimpossivel","leonardosales,profetaleonardosales,palavradedeus,catedraliptm,iptm,iptmmadureira,deus,poderdedeus,milagre,cura,vida,crentes,evangelicos,deusdoimpossivel",Religi√£o
ale.loko,97600,402,80,Remevor de pelo caseiro  #removedordepelos ,https://www.tiktok.com/@ale.loko/video/7289066259973524741,425700,2009,41900,17700000,removedordepelos,removedordepelos,Outro
castbylove,313500,102,391,#dicasderelacionamento #CASAMENTO #CASAL #matrimonio #RELACIONAMENTO,https://www.tiktok.com/@castbylove/video/7299676902783094021,60100,599,27200,2300000,"dicasderelacionamento,casamento,casal,matrimonio,relacionamento","dicasderelacionamento,casamento,casal,matrimonio,relacionamento",Outro
bugbuh1,107500,69,101,VEJA AT√â O FINAL ela se casou com um Mani**co e viveu um verdadeiro filme de terror #mae #pai #filhos #crime #justica #misterio #raquelcantarelli ,https://www.tiktok.com/@bugbuh1/video/7298864111411006725,211000,0,1292,3400000,"mae,pai,filhos,crime,justica,misterio,raquelcantarelli","mae,pai,filhos,crime,justica,misterio,raquelcantarelli",Outro
darlissondutra,2600000,226,777,S√≥ assim üòÇ #ironia #indireta #frasedodia #meme #humor #viral #story #mineirinho ,https://www.tiktok.com/@darlissondutra/video/7275077095150128390,39700,866,4923,693100,"ironia,indireta,frasedodia,meme,humor,viral,story,mineirinho","ironia,indireta,frasedodia,meme,humor,viral,story,mineirinho",Religi√£o
nutrisaude3.0,177600,473,1178,O melhor REM√âDIO do mundo para CIRCULA√á√ÉO DO SANGUE #O #melhor #REM√âDIO #do #mundo #para #CIRCULA√á√ÉO #DO #SANGUE #SAUD√ÅVEL #mundo #saude #nutrisaude #thiagorochapalestrante #tiagorochaoficial ,https://www.tiktok.com/@nutrisaude3.0/video/7284562162385751302,68100,1016,58400,2800000,"o,melhor,rem√©dio,do,mundo,para,circula√ß√£o,do,sangue,saud√°vel,mundo,saude,nutrisaude,thiagorochapalestrante,tiagorochaoficial","o,melhor,rem√©dio,do,mundo,para,circula√ß√£o,sangue,saud√°vel,saude,nutrisaude,thiagorochapalestrante,tiagorochaoficial",Fitness
rudy_brito,480600,9110,270,#rudy_brito #tiktok #fy #seguidores #empresario #personagemmilionario #personagem #dinheiro @Rudy_brito ,https://www.tiktok.com/@rudy_brito/video/7281074013328264454,18800,0,351,116900,"rudy_brito,tiktok,fy,seguidores,empresario,personagemmilionario,personagem,dinheiro","rudy_brito,tiktok,fy,seguidores,empresario,personagemmilionario,personagem,dinheiro",Outro
profdombrauskas,1300000,1295,1854,Anagramas da palavra Policial! #Matem√°tica #policial #concursos #anagramas ,https://www.tiktok.com/@profdombrauskas/video/7272804339578604806,156500,1428,4455,3500000,"matem√°tica,policial,concursos,anagramas","matem√°tica,policial,concursos,anagramas",Outro
mysword00,499500,4,262,"""O chefe me reconheceu"" Pr. Leandro #pregacao #prega√ß√£o #crentenotiktok #motivacional #disciplina #edit",https://www.tiktok.com/@mysword00/video/7279120877436849413,9646,23,64,69000,"pregacao,prega√ß√£o,crentenotiktok,motivacional,disciplina,edit","pregacao,prega√ß√£o,crentenotiktok,motivacional,disciplina,edit",Religi√£o
jesussantachagas33,98000,411,167,Quem bebe de mais fica barulhento fica rico ca√ßa briga fica um bebo chato ningu√©m merece #Evagelho #Chagasdejesus‚ù§Ô∏è #SoberanoDeus‚õ™ ,https://www.tiktok.com/@jesussantachagas33/video/7290668132950117637,214500,2539,78800,6600000,"evagelho,chagasdejesus‚ù§Ô∏è,soberanodeus‚õ™","evagelho,chagasdejesus‚ù§Ô∏è,soberanodeus‚õ™",Religi√£o
